Minerai de cuivre;Mineur;Extraction de minerai;1;Pierre;Thanalan central - Bassin des Désépinés (Niv. 5), Thanalan occidental - Martelterre (Niv. 5)
Éclat de feu;Mineur;Extraction de minerai;1;Cristal;Thanalan occidental - Martelterre (Niv. 5), Thanalan oriental - Les Os desséchés (Niv. 20)
Éclat de glace;Mineur;Extraction de minerai;1;Cristal;Forêt du sud - Hauts-Chemins (Niv. 25), Hautes terres du Coerthas central - L'Arête blanche (Niv. 5), Noscea occidentale - Vallée du Crâne (Niv. 20)
Éclat de vent;Mineur;Extraction de minerai;1;Cristal;Forêt centrale - Havre des Renouées (Niv. 35), Thanalan central - Bassin des Désépinés (Niv. 5), Thanalan septentrional - Brumebleue (Niv. 50)
Éclat de terre;Mineur;Extraction de minerai;1;Cristal;Basse-Noscea - La Cédrière (Niv. 10), Forêt du nord - Ruines de Gelmorra (Niv. 5), Haute-Noscea - Lac d'Airain (Niv. 45)
Éclat de foudre;Mineur;Extraction de minerai;1;Cristal;Mor Dhona - L'Enchevêtrement (Niv. 5), Thanalan central - Bassin des Désépinés (Niv. 5), Thanalan méridional - Désert de Sagolii (Niv. 35)
Éclat d'eau;Mineur;Extraction de minerai;1;Cristal;Noscea orientale - Rives sanglantes (Niv. 35), Thanalan occidental - Martelterre (Niv. 5)
Eau boueuse;Mineur;Extraction de minerai;3;Réactif;Thanalan central - Bassin des Désépinés (Niv. 5), Thanalan occidental - Martelterre (Niv. 5)
Fragment d'os;Mineur;Extraction de minerai;5;Os;Thanalan central - Bassin des Désépinés (Niv. 5)
Minerai d'étain;Mineur;Extraction de minerai;6;Pierre;Thanalan central - Roncenoire (Niv. 10), Thanalan occidental - Martelterre (Niv. 10)
Pierre de soleil brute;Mineur;Extraction de minerai;7;Pierre;Basse-Noscea - La Cédrière (Niv. 10)
Lapis-lazuli brut;Mineur;Extraction de minerai;7;Pierre;Forêt du nord - Futaie des Murmures (Niv. 10)
Fémur sale;Mineur;Extraction de minerai;8;Os;Thanalan central - Roncenoire (Niv. 10), Thanalan occidental - Martelterre (Niv. 10)
Minerai de zinc;Mineur;Extraction de minerai;9;Pierre;Thanalan central - Roncenoire (Niv. 10), Thanalan occidental - Martelterre (Niv. 10)
Éclat d'obsidienne;Mineur;Extraction de minerai;10;Pierre;Thanalan occidental - Martelterre (Niv. 10)
Argile;Mineur;Extraction de minerai;10;Réactif;Forêt du nord - Futaie des Murmures (Niv. 10)
Minerai de fer;Mineur;Extraction de minerai;14;Pierre;Thanalan occidental - Confins d'Horizon (Niv. 15)
Malachite brute;Mineur;Extraction de minerai;16;Pierre;Thanalan oriental - Les Os desséchés (Niv. 20)
Sphène brut;Mineur;Extraction de minerai;17;Pierre;Forêt du nord - Sommière de la Paix (Niv. 20)
Fluorine brute;Mineur;Extraction de minerai;17;Pierre;Thanalan oriental - Les Os desséchés (Niv. 20)
Danburite brute;Mineur;Extraction de minerai;18;Pierre;Noscea occidentale - Vallée du Crâne (Niv. 20)
Telline du levant;Mineur;Extraction de minerai;19;Produit de la pêche;Noscea occidentale - Vallée du Crâne (Niv. 20)
Alun;Mineur;Extraction de minerai;19;Réactif;Thanalan oriental - Les Os desséchés (Niv. 20)
Eau effervescente;Mineur;Extraction de minerai;24;Réactif;Forêt du sud - Hauts-Chemins (Niv. 25)
Minerai d'argent;Mineur;Extraction de minerai;25;Pierre;Forêt du sud - Hauts-Chemins (Niv. 25)
Cristal de feu;Mineur;Extraction de minerai;26;Cristal;Avant-pays dravanien - Forêt des chocobos (Niv. 55), Yanxia - Chaîne du Gensui (Niv. 65)
Cristal de glace;Mineur;Extraction de minerai;26;Cristal;Hautes terres du Coerthas occidental - Deux-Rivières (Niv. 50), Les Lacs - Hautes berges (Niv. 70)
Cristal de vent;Mineur;Extraction de minerai;26;Cristal;Arrière-pays dravanien - Quartier des Fabricateurs (Niv. 60), Les Marges - Confins est (Niv. 60)
Cristal de terre;Mineur;Extraction de minerai;26;Cristal;L'Écume des cieux de Dravania - Thermes d'Ouestebourg (Niv. 75), Les Pics - Pierres-qui-dorment (Niv. 60)
Cristal de foudre;Mineur;Extraction de minerai;26;Cristal;Grand-Lac - Ivraie (Niv. 75), L'Écume des cieux d'Abalathia - Voor Sian Siran (Niv. 60), Steppe d'Azim - Calcul de Ragill (Niv. 70)
Cristal d'eau;Mineur;Extraction de minerai;26;Cristal;Il Mheg - Thysm Lran (Niv. 70), L'Écume des cieux d'Abalathia - Voor Sian Siran (Niv. 60), Mer de Rubis - Fosse de Turquoise (Niv. 60), Rak'tika - Astropole des K'mul (Niv. 80)
Éclat d'obsidienne de wyverne;Mineur;Extraction de minerai;28;Pierre;Thanalan oriental - Bois du Renouveau (Niv. 30)
Salpêtre;Mineur;Extraction de minerai;30;Réactif;Thanalan oriental - Bois du Renouveau (Niv. 30)
Granit;Mineur;Extraction de minerai;31;Pierre;Forêt centrale - Havre des Renouées (Niv. 35)
Grenat brut;Mineur;Extraction de minerai;31;Pierre;Noscea orientale - Rives sanglantes (Niv. 35)
Petit ver;Mineur;Extraction de minerai;31;Divers;Thanalan méridional - Désert de Sagolii (Niv. 35)
Héliodore brut;Mineur;Extraction de minerai;32;Pierre;Thanalan méridional - Désert de Sagolii (Niv. 35)
Goshénite brute;Mineur;Extraction de minerai;33;Pierre;Noscea orientale - Rives sanglantes (Niv. 35)
Péridot brut;Mineur;Extraction de minerai;33;Pierre;Forêt centrale - Havre des Renouées (Niv. 35)
Minerai de mithril;Mineur;Extraction de minerai;34;Pierre;Thanalan méridional - Désert de Sagolii (Niv. 35)
Améthyste brute;Mineur;Extraction de minerai;34;Pierre;Forêt centrale - Havre des Renouées (Niv. 35)
Aigue-marine brute;Mineur;Extraction de minerai;35;Pierre;Noscea orientale - Rives sanglantes (Niv. 35)
Tourmaline brute;Mineur;Extraction de minerai;36;Pierre;Forêt du sud - Le Don d'Urth (Niv. 40)
Spinelle brut;Mineur;Extraction de minerai;37;Pierre;Forêt du sud - Le Don d'Urth (Niv. 40)
Zircon brut;Mineur;Extraction de minerai;38;Pierre;Hautes terres du Coerthas central - Tête du dragon (Niv. 40)
Jade;Mineur;Extraction de minerai;39;Pierre;Hautes terres du Coerthas central - Tête du dragon (Niv. 40)
Alun noir;Mineur;Extraction de minerai;40;Réactif;Forêt du sud - Le Don d'Urth (Niv. 40)
Turquoise brute;Mineur;Extraction de minerai;41;Pierre;Haute-Noscea - Lac d'Airain (Niv. 45)
Minerai d'électrum;Mineur;Extraction de minerai;43;Pierre;Haute-Noscea - Lac d'Airain (Niv. 45)
Ambre brut;Mineur;Extraction de minerai;44;Pierre;Thanalan oriental - Les Os desséchés (Niv. 45)
Rubellite brute;Mineur;Extraction de minerai;45;Pierre;Thanalan oriental - Les Os desséchés (Niv. 45)
Œuf de basilic;Mineur;Extraction de minerai;46;Pierre;Thanalan septentrional - Brumebleue (Niv. 50)
Minerai de cobalt;Mineur;Extraction de minerai;47;Pierre;Thanalan septentrional - Brumebleue (Niv. 50)
Carapace de tortue marine;Mineur;Extraction de minerai;49;Os;Thanalan septentrional - Brumebleue (Niv. 50)
Corne d'ogre;Mineur;Extraction de minerai;50;Os;Thanalan septentrional - Brumebleue (Niv. 50)
Agrégat de glace;Mineur;Extraction de minerai;50;Cristal;Les Lacs - Hautes berges (Niv. 70)
Agrégat de foudre;Mineur;Extraction de minerai;50;Cristal;Grand-Lac - Porte de l'Exarque (Niv. 80), Steppe d'Azim - Calcul de Ragill (Niv. 70)
Agrégat d'eau;Mineur;Extraction de minerai;50;Cristal;Rak'tika - Astropole des K'mul (Niv. 80)
Minerai d'or;Mineur;Extraction de minerai;50;Pierre;Thanalan oriental - Mur incandescent (Niv. 50)
Minerai de sombracier;Mineur;Extraction de minerai;50;Pierre;Hautes terres du Coerthas central - Tête du dragon (Niv. 50)
Larve de coblyn;Mineur;Extraction de minerai;50;Mascotte;Thanalan oriental - Mur incandescent (Niv. 50)
Cristal terni;Mineur;Extraction de minerai;50;Pierre;Basse-Noscea - Baie de Moraby (Niv. 50), Hautes terres du Coerthas central - Tête du dragon (Niv. 50), Thanalan central - Roncenoire (Niv. 50), Thanalan méridional - Eaux-Mortes (Niv. 50), Thanalan oriental - Mur incandescent (Niv. 50), Thanalan septentrional - Brumebleue (Niv. 50)
Ver grégaire;Mineur;Extraction de minerai;50;Divers;Basse-Noscea - Baie de Moraby (Niv. 50), Hautes terres du Coerthas central - Tête du dragon (Niv. 50), Thanalan central - Roncenoire (Niv. 50), Thanalan méridional - Eaux-Mortes (Niv. 50), Thanalan oriental - Mur incandescent (Niv. 50), Thanalan septentrional - Brumebleue (Niv. 50)
Minerai de ferbérite;Mineur;Extraction de minerai;50;Pierre;Thanalan septentrional - Poussée de Raubahn (Niv. 50)
Pépite d'or natif;Mineur;Extraction de minerai;50;Pierre;Thanalan central - Roncenoire (Niv. 50)
Rubis brut;Mineur;Extraction de minerai;50;Pierre;Basse-Noscea - Baie de Moraby (Niv. 50)
Diamant brut;Mineur;Extraction de minerai;50;Pierre;Thanalan central - Roncenoire (Niv. 50)
Émeraude brute;Mineur;Extraction de minerai;50;Pierre;Thanalan central - Roncenoire (Niv. 50)
Topaze brute;Mineur;Extraction de minerai;50;Pierre;Thanalan septentrional - Poussée de Raubahn (Niv. 50)
Cordiérite brute;Mineur;Extraction de minerai;50;Pierre;Thanalan septentrional - Poussée de Raubahn (Niv. 50)
Saphir brut;Mineur;Extraction de minerai;50;Pierre;Basse-Noscea - Baie de Moraby (Niv. 50)
Agrégat de matière sombre;Mineur;Extraction de minerai;50;Catalyseur;Basse-Noscea - Baie de Moraby (Niv. 50), Hautes terres du Coerthas central - Tête du dragon (Niv. 50), Hautes terres du Coerthas occidental - Deux-Rivières (Niv. 50), Thanalan central - Roncenoire (Niv. 50), Thanalan méridional - Eaux-Mortes (Niv. 50), Thanalan oriental - Mur incandescent (Niv. 50), Thanalan septentrional - Brumebleue (Niv. 50)
Minerai de cuivre jaune;Mineur;Extraction de minerai;50;Pierre;Hautes terres du Coerthas occidental - Deux-Rivières (Niv. 50)
Minerai de platine;Mineur;Extraction de minerai;50;Pierre;Thanalan méridional - Eaux-Mortes (Niv. 50)
Éclat d'obsidienne de dragon;Mineur;Extraction de minerai;50;Pierre;Hautes terres du Coerthas occidental - Deux-Rivières (Niv. 50)
Premier œuf de basilic;Mineur;Extraction de minerai;50;Pierre;Thanalan septentrional - Brumebleue (Niv. 50)
Minerai de pyrite;Mineur;Extraction de minerai;51;Pierre;Avant-pays dravanien - Terres fumantes (Niv. 55)
Agate brute;Mineur;Extraction de minerai;51;Pierre;Avant-pays dravanien - Terres fumantes (Niv. 55)
Œil-de-tigre brut;Mineur;Extraction de minerai;52;Pierre;Avant-pays dravanien - Terres fumantes (Niv. 55)
Minerai de mithrite;Mineur;Extraction de minerai;53;Pierre;Hautes terres du Coerthas occidental - Prairie de Gorgagne (Niv. 55)
Minerai de chalcocite;Mineur;Extraction de minerai;53;Pierre;Avant-pays dravanien - Terres fumantes (Niv. 55)
Larimar brut;Mineur;Extraction de minerai;53;Pierre;Hautes terres du Coerthas occidental - Prairie de Gorgagne (Niv. 55)
Minerai de limonite;Mineur;Extraction de minerai;54;Pierre;Avant-pays dravanien - Terres fumantes (Niv. 55)
Mormorion brut;Mineur;Extraction de minerai;54;Pierre;Hautes terres du Coerthas occidental - Prairie de Gorgagne (Niv. 55)
Eau de source de Dravania;Mineur;Extraction de minerai;54;Réactif;Avant-pays dravanien - Terres fumantes (Niv. 55)
Minerai de titane;Mineur;Extraction de minerai;55;Pierre;Avant-pays dravanien - Forêt des chocobos (Niv. 55)
Rubis étoilé brut;Mineur;Extraction de minerai;55;Pierre;Avant-pays dravanien - Forêt des chocobos (Niv. 55)
Saphir étoilé brut;Mineur;Extraction de minerai;55;Pierre;Avant-pays dravanien - Forêt des chocobos (Niv. 55)
Minerai d'hématite;Mineur;Extraction de minerai;57;Pierre;Arrière-pays dravanien - Quartier des Sages (Niv. 60)
Opale brute;Mineur;Extraction de minerai;57;Pierre;Avant-pays dravanien - Déclin d'Avalonia (Niv. 60)
Eau de source d'Abalathia;Mineur;Extraction de minerai;57;Réactif;L'Écume des cieux d'Abalathia - Voor Sian Siran (Niv. 60)
Pièce de monnaie ancienne de Radz-at-Han;Mineur;Extraction de minerai;57;Divers;Arrière-pays dravanien - Quartier des Fabricateurs (Niv. 60)
Minerai de durargent;Mineur;Extraction de minerai;58;Pierre;Arrière-pays dravanien - Quartier des Fabricateurs (Niv. 60)
Cornaline brute;Mineur;Extraction de minerai;58;Pierre;Avant-pays dravanien - Déclin d'Avalonia (Niv. 60)
Stalagmite de glace;Mineur;Extraction de minerai;58;Réactif;Hautes terres du Coerthas occidental - Rougebord (Niv. 60)
Minerai de cuprite;Mineur;Extraction de minerai;59;Pierre;Arrière-pays dravanien - Quartier des Sages (Niv. 60)
Citrine brute;Mineur;Extraction de minerai;59;Pierre;Hautes terres du Coerthas occidental - Rougebord (Niv. 60)
Sable d'aurum regis;Mineur;Extraction de minerai;59;Pierre;L'Écume des cieux d'Abalathia - Voor Sian Siran (Niv. 60)
Minerai d'adamant;Mineur;Extraction de minerai;60;Pierre;Azys Lla - Quadrant bêta (Niv. 60)
Jade du couchant;Mineur;Extraction de minerai;60;Pierre;Arrière-pays dravanien - Quartier des Fabricateurs (Niv. 60), Avant-pays dravanien - Déclin d'Avalonia (Niv. 60), Hautes terres du Coerthas occidental - Rougebord (Niv. 60), L'Écume des cieux d'Abalathia - Voor Sian Siran (Niv. 60)
Chrysolite brute;Mineur;Extraction de minerai;60;Pierre;Arrière-pays dravanien - Quartier des Fabricateurs (Niv. 60)
Éclat d'obsidienne de wyrm;Mineur;Extraction de minerai;60;Pierre;Arrière-pays dravanien - Quartier des Fabricateurs (Niv. 60)
Œil-de-verre;Mineur;Extraction de minerai;60;Divers;L'Écume des cieux d'Abalathia - Voor Sian Siran (Niv. 60)
Sablétoile;Mineur;Extraction de minerai;60;Divers;Les Marges - Confins est (Niv. 60)
Koban de Shishu;Mineur;Extraction de minerai;60;Divers;Mer de Rubis - Fosse de Turquoise (Niv. 60)
Bijou de la dynastie des Cotter;Mineur;Extraction de minerai;60;Divers;Les Marges - Confins est (Niv. 60)
Corne de bête;Mineur;Extraction de minerai;60;Os;Avant-pays dravanien - Déclin d'Avalonia (Niv. 60)
Pigment arc-en-ciel;Mineur;Extraction de minerai;60;Teinture;Avant-pays dravanien - Déclin d'Avalonia (Niv. 60)
Pigments gyrabaniens;Mineur;Extraction de minerai;60;Divers;Les Pics - Pierres-qui-dorment (Niv. 60)
Racine de kudzu doré;Mineur;Extraction de minerai;60;Divers;Les Pics - Pierres-qui-dorment (Niv. 60)
Triphane brute;Mineur;Extraction de minerai;60;Pierre;Les Marges - Roches rayées (Niv. 60)
Alun gyrabanien;Mineur;Extraction de minerai;60;Réactif;Les Marges - Confins est (Niv. 60)
Eau de Gyr Abania;Mineur;Extraction de minerai;61;Réactif;Les Marges - Roches rayées (Niv. 65)
Disthène brut;Mineur;Extraction de minerai;62;Pierre;Les Marges - Roches rayées (Niv. 65)
Pièce de harpon;Mineur;Extraction de minerai;62;Divers;Les Marges - Roches rayées (Niv. 65)
Minerai de cupronickel;Mineur;Extraction de minerai;63;Pierre;Mer de Rubis - Couvercle des enfers (Niv. 65)
Spinelle étoilé brut;Mineur;Extraction de minerai;63;Pierre;Mer de Rubis - Côte orientale d'Othard (Niv. 65)
Liquide isolant;Mineur;Extraction de minerai;63;Divers;Hautes terres du Coerthas occidental - Lit d'os (Niv. 65)
Eau de roche;Mineur;Extraction de minerai;64;Réactif;Yanxia - Chaîne du Gensui (Niv. 65)
Braises;Mineur;Extraction de minerai;64;Divers;Mer de Rubis - Couvercle des enfers (Niv. 65)
Minerai de fer beitetsu;Mineur;Extraction de minerai;65;Pierre;Yanxia - Chaîne du Gensui (Niv. 65)
Matière première pour alambic;Mineur;Extraction de minerai;65;Divers;Yanxia - Chaîne du Gensui (Niv. 65)
Schörl;Mineur;Extraction de minerai;66;Pierre;Steppe d'Azim - Calcul de Ragill (Niv. 70)
Azurite brute;Mineur;Extraction de minerai;66;Pierre;Steppe d'Azim - L'Imposant Calme (Niv. 70)
Minerai de durium;Mineur;Extraction de minerai;68;Pierre;Yanxia - Railleries d'au-delà (Niv. 70)
Jade impérial brut;Mineur;Extraction de minerai;68;Pierre;Yanxia - Vallée aux Prismes (Niv. 70)
Matière première pour pièce décorative du Bord du gouffre;Mineur;Extraction de minerai;68;Divers;Les Lacs - Hautes berges (Niv. 70)
Minerai de molybdène;Mineur;Extraction de minerai;70;Pierre;Les Lacs - Hautes berges (Niv. 70)
Rhodonite brute;Mineur;Extraction de minerai;70;Pierre;Les Pics - Rocrouillé (Niv. 70)
Élément nécessaire à une fermentation;Mineur;Extraction de minerai;70;Divers;Yanxia - Railleries d'au-delà (Niv. 70)
Minerai brillant;Mineur;Extraction de minerai;70;Divers;Il Mheg - Thysm Lran (Niv. 70)
Almandin;Mineur;Extraction de minerai;70;Pierre;Les Lacs - Hautes berges (Niv. 70)
Rhodolite;Mineur;Extraction de minerai;70;Pierre;Les Lacs - Hautes berges (Niv. 70)
Hématite brute;Mineur;Extraction de minerai;70;Pierre;Kholusia - Potager du gouverneur (Niv. 70)
Terreau de Yanxia;Mineur;Extraction de minerai;70;Pierre;Les Lacs - Hautes berges (Niv. 70), Steppe d'Azim - Calcul de Ragill (Niv. 70)
Minerai d'or franc;Mineur;Extraction de minerai;72;Pierre;Il Mheg - Villégiature du Lettré (Niv. 75)
Diaspore brute;Mineur;Extraction de minerai;72;Pierre;Il Mheg - Bas-fond des Sextuplés (Niv. 75)
Matériaux d'ustensiles de couture pour dragon;Mineur;Extraction de minerai;72;Divers;L'Écume des cieux de Dravania - Thermes d'Ouestebourg (Niv. 75)
Eau de source des hauts plateaux;Mineur;Extraction de minerai;73;Réactif;Il Mheg - Villégiature du Lettré (Niv. 75)
Matériaux d'outils d'artisanat pour dragon;Mineur;Extraction de minerai;73;Divers;L'Écume des cieux d'Abalathia - Dos-brisé (Niv. 75)
Déjection d'animal sauvage;Mineur;Extraction de minerai;73;Autre;Grand-Lac - Ivraie (Niv. 75)
Pierre d'azuresprit;Mineur;Extraction de minerai;74;Pierre;Grand-Lac - Ivraie (Niv. 75)
Lazurite brute;Mineur;Extraction de minerai;74;Pierre;Rak'tika - Cabane des clercs (Niv. 75)
Matériaux d'imprimerie;Mineur;Extraction de minerai;75;Divers;Les Lacs - Jardins de la Reine (Niv. 75)
Résidu alimentaire d'animal géant;Mineur;Extraction de minerai;75;Autre;Il Mheg - Villégiature du Lettré (Niv. 75)
Pierre de rafale;Mineur;Extraction de minerai;76;Pierre;Rak'tika - Astropole des K'mul (Niv. 80)
Pierre irradiante;Mineur;Extraction de minerai;76;Pierre;Grand-Lac - Porte de l'Exarque (Niv. 80)
Triphylite brute;Mineur;Extraction de minerai;76;Pierre;Amh Araeng - La Louche (Niv. 80)
Eau très effervescente;Mineur;Extraction de minerai;76;Réactif;Rak'tika - La Frairie sauvage (Niv. 80)
Minerai de bronze titané;Mineur;Extraction de minerai;77;Pierre;Grand-Lac - Église de l'Aurore (Niv. 80)
Pétalite brute;Mineur;Extraction de minerai;78;Pierre;Grand-Lac - Ivraie (Niv. 80)
Eau souterraine;Mineur;Extraction de minerai;78;Réactif;Grand-Lac - Église de l'Aurore (Niv. 80)
Trace d'animal géant;Mineur;Extraction de minerai;78;Autre;Rak'tika - La Frairie sauvage (Niv. 80)
Minerai de mithril noble;Mineur;Extraction de minerai;80;Pierre;Grand-Lac - Église de l'Aurore (Niv. 80)
Onyx brut;Mineur;Extraction de minerai;80;Pierre;La Tempête - Gorges de Caliban (Niv. 80)
Pierre de foudre grondante;Mineur;Extraction de minerai;80;Pierre;Grand-Lac - Porte de l'Exarque (Niv. 80), Rak'tika - Astropole des K'mul (Niv. 80)
Éclat de feu;Mineur;Extraction de pierre;1;Cristal;Noscea centrale - Le Coude de Trois-Malms (Niv. 20), Thanalan oriental - Bois du Renouveau (Niv. 30)
Éclat de glace;Mineur;Extraction de pierre;1;Cristal;Forêt du sud - Hauts-Chemins (Niv. 25), Noscea occidentale - Vallée du Crâne (Niv. 20)
Éclat de vent;Mineur;Extraction de pierre;1;Cristal;Forêt de l'est - Neuf-Lierres (Niv. 30), Thanalan septentrional - Brumebleue (Niv. 40)
Éclat de terre;Mineur;Extraction de pierre;1;Cristal;Basse-Noscea - La Cédrière (Niv. 30), Haute-Noscea - La Chênaie (Niv. 25)
Éclat de foudre;Mineur;Extraction de pierre;1;Cristal;Thanalan central - Roncenoire (Niv. 15), Thanalan méridional - Eaux-Mortes (Niv. 30)
Éclat d'eau;Mineur;Extraction de pierre;1;Cristal;Thanalan occidental - Confins d'Horizon (Niv. 15)
Sable fin;Mineur;Extraction de pierre;11;Pierre;Thanalan central - Roncenoire (Niv. 15)
Sable de cuivre;Mineur;Extraction de pierre;11;Pierre;Thanalan occidental - Confins d'Horizon (Niv. 15)
Sel gemme;Mineur;Extraction de pierre;12;Réactif;Thanalan central - Roncenoire (Niv. 15)
Grès;Mineur;Extraction de pierre;13;Pierre;Thanalan central - Roncenoire (Niv. 15)
Sable de fer;Mineur;Extraction de pierre;14;Pierre;Thanalan occidental - Confins d'Horizon (Niv. 15)
Minium;Mineur;Extraction de pierre;15;Réactif;Thanalan occidental - Confins d'Horizon (Niv. 15)
Pierre calcaire;Mineur;Extraction de pierre;17;Pierre;Noscea occidentale - Vallée du Crâne (Niv. 20)
Mudstone;Mineur;Extraction de pierre;20;Pierre;Noscea occidentale - Vallée du Crâne (Niv. 20)
Matière carbonique grade I;Mineur;Extraction de pierre;20;Catalyseur;Noscea centrale - Le Coude de Trois-Malms (Niv. 20)
Pierre de terre;Mineur;Extraction de pierre;21;Pierre;Forêt du sud - Hauts-Chemins (Niv. 25)
Sable d'argent;Mineur;Extraction de pierre;22;Pierre;Forêt du sud - Hauts-Chemins (Niv. 25)
Pierre de feu;Mineur;Extraction de pierre;23;Pierre;Haute-Noscea - La Chênaie (Niv. 25)
Pierre de glace;Mineur;Extraction de pierre;23;Pierre;Forêt du sud - Hauts-Chemins (Niv. 25)
Pierre de vent;Mineur;Extraction de pierre;24;Pierre;Forêt du sud - Hauts-Chemins (Niv. 25)
Pierre de foudre;Mineur;Extraction de pierre;24;Pierre;Haute-Noscea - La Chênaie (Niv. 25)
Pierre d'eau;Mineur;Extraction de pierre;25;Pierre;Haute-Noscea - La Chênaie (Niv. 25)
Cendres de bombo;Mineur;Extraction de pierre;26;Réactif;Thanalan méridional - Désert de Sagolii (Niv. 30)
Cristal de feu;Mineur;Extraction de pierre;26;Cristal;Arrière-pays dravanien - Quartier des Fabricateurs (Niv. 60), Avant-pays dravanien - Déclin d'Avalonia (Niv. 60), Kholusia - Ombrefaille (Niv. 70), L'Écume des cieux de Dravania - L'Isolé (Niv. 60), Thanalan oriental - Bois du Renouveau (Niv. 30), Yanxia - Vallée aux Prismes (Niv. 70)
Cristal de glace;Mineur;Extraction de pierre;26;Cristal;Hautes terres du Coerthas occidental - Les Jumeaux (Niv. 55), Noscea occidentale - Quartpierre (Niv. 30)
Cristal de vent;Mineur;Extraction de pierre;26;Cristal;Amh Araeng - Auberge du Grand Départ (Niv. 70), Forêt de l'est - Neuf-Lierres (Niv. 30)
Cristal de terre;Mineur;Extraction de pierre;26;Cristal;Basse-Noscea - La Cédrière (Niv. 30), L'Écume des cieux de Dravania - Colonie des Maîtres terriens (Niv. 60), Les Pics - Rocrouillé (Niv. 65)
Cristal de foudre;Mineur;Extraction de pierre;26;Cristal;Hautes terres du Coerthas occidental - Pont du Fer noir (Niv. 60), L'Écume des cieux d'Abalathia - Ok' Gundu (Niv. 60), Steppe d'Azim - Onsal Hakair (Niv. 70), Thanalan méridional - Eaux-Mortes (Niv. 30)
Cristal d'eau;Mineur;Extraction de pierre;26;Cristal;Mer de Rubis - Rasen Kaikyo (Niv. 65), Rak'tika - Conquête de Lozatl (Niv. 75), Thanalan occidental - Sources de Nophica (Niv. 30)
Silice;Mineur;Extraction de pierre;27;Réactif;Thanalan méridional - Désert de Sagolii (Niv. 30)
Pigment bleu;Mineur;Extraction de pierre;28;Teinture;Thanalan occidental - Sources de Nophica (Niv. 30)
Pigment rouge;Mineur;Extraction de pierre;28;Teinture;Thanalan oriental - Bois du Renouveau (Niv. 30)
Pigment jaune;Mineur;Extraction de pierre;28;Teinture;Basse-Noscea - La Cédrière (Niv. 30)
Pigment gris;Mineur;Extraction de pierre;28;Teinture;Noscea occidentale - Quartpierre (Niv. 30)
Pigment brun;Mineur;Extraction de pierre;28;Teinture;Basse-Noscea - La Cédrière (Niv. 30)
Pigment vert;Mineur;Extraction de pierre;28;Teinture;Forêt de l'est - Neuf-Lierres (Niv. 30)
Pigment violet;Mineur;Extraction de pierre;28;Teinture;Thanalan méridional - Eaux-Mortes (Niv. 30)
Soufre;Mineur;Extraction de pierre;29;Réactif;Haute-Noscea - La Chênaie (Niv. 30)
Siltstone;Mineur;Extraction de pierre;30;Pierre;Haute-Noscea - La Chênaie (Niv. 30)
Terreau noscéen I;Mineur;Extraction de pierre;30;Jardinage;Basse-Noscea - La Cédrière (Niv. 30)
Terreau sombrelinçois I;Mineur;Extraction de pierre;30;Jardinage;Forêt de l'est - Neuf-Lierres (Niv. 30)
Terreau thanalanais I;Mineur;Extraction de pierre;30;Jardinage;Thanalan oriental - Bois du Renouveau (Niv. 30)
Sable de mithril;Mineur;Extraction de pierre;33;Pierre;Thanalan méridional - Labyrinthe rouge (Niv. 35)
Cendres de grenado;Mineur;Extraction de pierre;40;Réactif;Thanalan septentrional - Brumebleue (Niv. 40)
Sable d'électrum;Mineur;Extraction de pierre;42;Pierre;Haute-Noscea - Lac d'Airain (Niv. 45)
Marbre;Mineur;Extraction de pierre;45;Pierre;Haute-Noscea - Lac d'Airain (Niv. 45)
Terreau noscéen II;Mineur;Extraction de pierre;46;Jardinage;Basse-Noscea - La Poigne des Dieux (Niv. 50)
Terreau sombrelinçois II;Mineur;Extraction de pierre;46;Jardinage;Forêt de l'est - Massif de ronces (Niv. 50)
Terreau thanalanais II;Mineur;Extraction de pierre;46;Jardinage;Thanalan occidental - Bazar argenté (Niv. 50)
Calcaire noir;Mineur;Extraction de pierre;50;Pierre;Noscea occidentale - Quartpierre (Niv. 50)
Agrégat de feu;Mineur;Extraction de pierre;50;Cristal;Arrière-pays dravanien - Quartier des Fabricateurs (Niv. 60), Avant-pays dravanien - Déclin d'Avalonia (Niv. 60), Kholusia - Komra (Niv. 80), L'Écume des cieux de Dravania - L'Isolé (Niv. 60), Mor Dhona - Rive nord de Pleurargent (Niv. 50), Noscea centrale - Dérive du Zéphyr (Niv. 50), Yanxia - Vallée aux Prismes (Niv. 70)
Agrégat de glace;Mineur;Extraction de pierre;50;Cristal;Mor Dhona - Rive nord de Pleurargent (Niv. 50)
Agrégat de vent;Mineur;Extraction de pierre;50;Cristal;Mor Dhona - Rive nord de Pleurargent (Niv. 50)
Agrégat de terre;Mineur;Extraction de pierre;50;Cristal;Mor Dhona - Rive nord de Pleurargent (Niv. 50)
Agrégat de foudre;Mineur;Extraction de pierre;50;Cristal;Hautes terres du Coerthas occidental - Pont du Fer noir (Niv. 60), L'Écume des cieux d'Abalathia - Ok' Gundu (Niv. 60), Mor Dhona - Rive nord de Pleurargent (Niv. 50)
Agrégat d'eau;Mineur;Extraction de pierre;50;Cristal;Mor Dhona - Rive nord de Pleurargent (Niv. 50), Thanalan occidental - Martelterre (Niv. 50)
Roche astrale;Mineur;Extraction de pierre;50;Pierre;Hautes terres du Coerthas central - Tête du dragon (Niv. 50)
Sable d'or;Mineur;Extraction de pierre;50;Pierre;Thanalan oriental - Bois du Renouveau (Niv. 50)
Sel gemme noscéen;Mineur;Extraction de pierre;50;Réactif;Noscea orientale - Ravine des Cueillepluies (Niv. 50)
Cristal terni;Mineur;Extraction de pierre;50;Pierre;Forêt du sud - Bas-Chemins (Niv. 50), Hautes terres du Coerthas central - Tête du dragon (Niv. 50), Mor Dhona - Rive nord de Pleurargent (Niv. 50), Noscea centrale - Dérive du Zéphyr (Niv. 50), Noscea orientale - Ravine des Cueillepluies (Niv. 50), Thanalan occidental - Martelterre (Niv. 50), Thanalan oriental - Bois du Renouveau (Niv. 50)
Roche ombrale;Mineur;Extraction de pierre;50;Pierre;Forêt du sud - Bas-Chemins (Niv. 50)
Terreau noscéen III;Mineur;Extraction de pierre;50;Jardinage;Noscea centrale - Dérive du Zéphyr (Niv. 50)
Terreau sombrelinçois III;Mineur;Extraction de pierre;50;Jardinage;Forêt du sud - Bas-Chemins (Niv. 50)
Terreau thanalanais III;Mineur;Extraction de pierre;50;Jardinage;Thanalan occidental - Martelterre (Niv. 50)
Roche antéombrale;Mineur;Extraction de pierre;50;Pierre;Thanalan oriental - Bois du Renouveau (Niv. 50)
Agrégat de matière sombre;Mineur;Extraction de pierre;50;Catalyseur;Forêt du sud - Bas-Chemins (Niv. 50), Hautes terres du Coerthas central - Tête du dragon (Niv. 50), Mor Dhona - Rive nord de Pleurargent (Niv. 50), Noscea centrale - Dérive du Zéphyr (Niv. 50), Noscea orientale - Ravine des Cueillepluies (Niv. 50), Thanalan occidental - Martelterre (Niv. 50), Thanalan oriental - Bois du Renouveau (Niv. 50)
Pierre ponce;Mineur;Extraction de pierre;50;Pierre;Noscea orientale - Ravine des Cueillepluies (Niv. 50)
Sable de mithrite;Mineur;Extraction de pierre;51;Pierre;Hautes terres du Coerthas occidental - Les Jumeaux (Niv. 55)
Quartz jaune;Mineur;Extraction de pierre;52;Pierre;L'Écume des cieux de Dravania - Eil Tohm (Niv. 55)
Quartz vert;Mineur;Extraction de pierre;55;Pierre;L'Écume des cieux de Dravania - Eil Tohm (Niv. 55)
Sel gemme d'Abalathia;Mineur;Extraction de pierre;56;Ingrédient;L'Écume des cieux d'Abalathia - Le Gantelet (Niv. 60)
Granulat de feu;Mineur;Extraction de pierre;56;Pierre;Arrière-pays dravanien - Quartier des Fabricateurs (Niv. 60), Avant-pays dravanien - Déclin d'Avalonia (Niv. 60), L'Écume des cieux de Dravania - L'Isolé (Niv. 60)
Granulat de foudre;Mineur;Extraction de pierre;56;Pierre;Hautes terres du Coerthas occidental - Pont du Fer noir (Niv. 60), L'Écume des cieux d'Abalathia - Ok' Gundu (Niv. 60)
Sable de durargent;Mineur;Extraction de pierre;56;Pierre;L'Écume des cieux de Dravania - Colonie des Maîtres terriens (Niv. 60)
Os de dragon fossilisé;Mineur;Extraction de pierre;56;Os;L'Écume des cieux de Dravania - Colonie des Maîtres terriens (Niv. 60)
Mica blanc;Mineur;Extraction de pierre;58;Pierre;L'Écume des cieux de Dravania - Colonie des Maîtres terriens (Niv. 60)
Quartz rouge;Mineur;Extraction de pierre;58;Pierre;L'Écume des cieux d'Abalathia - Le Gantelet (Niv. 60)
Pierre de feu intense;Mineur;Extraction de pierre;58;Pierre;Arrière-pays dravanien - Quartier des Fabricateurs (Niv. 60), Avant-pays dravanien - Déclin d'Avalonia (Niv. 60), L'Écume des cieux de Dravania - L'Isolé (Niv. 60)
Pierre de foudre intense;Mineur;Extraction de pierre;58;Pierre;Hautes terres du Coerthas occidental - Pont du Fer noir (Niv. 60), L'Écume des cieux d'Abalathia - Ok' Gundu (Niv. 60)
Tectite;Mineur;Extraction de pierre;59;Pierre;L'Écume des cieux de Dravania - Colonie des Maîtres terriens (Niv. 60)
Mousse tombe-crépuscule;Mineur;Extraction de pierre;59;Réactif;L'Écume des cieux de Dravania - Colonie des Maîtres terriens (Niv. 60)
Granulat de feu flamboyant;Mineur;Extraction de pierre;60;Pierre;Arrière-pays dravanien - Quartier des Fabricateurs (Niv. 60), Avant-pays dravanien - Déclin d'Avalonia (Niv. 60), L'Écume des cieux de Dravania - L'Isolé (Niv. 60)
Granulat de foudre flamboyant;Mineur;Extraction de pierre;60;Pierre;Hautes terres du Coerthas occidental - Pont du Fer noir (Niv. 60), L'Écume des cieux d'Abalathia - Ok' Gundu (Niv. 60)
Sable de lumithrite;Mineur;Extraction de pierre;60;Pierre;L'Écume des cieux de Dravania - Colonie des Maîtres terriens (Niv. 60)
Granulat astral rayonnant;Mineur;Extraction de pierre;60;Pierre;Arrière-pays dravanien - Quartier des Fabricateurs (Niv. 60), Avant-pays dravanien - Déclin d'Avalonia (Niv. 60), Hautes terres du Coerthas occidental - Pont du Fer noir (Niv. 60), L'Écume des cieux d'Abalathia - Ok' Gundu (Niv. 60), L'Écume des cieux de Dravania - L'Isolé (Niv. 60)
Quartzite;Mineur;Extraction de pierre;61;Pierre;Les Pics - Rocrouillé (Niv. 65)
Sable de cupronickel;Mineur;Extraction de pierre;61;Pierre;Les Pics - Rocrouillé (Niv. 65)
Poudre minérale thérapeutique;Mineur;Extraction de pierre;61;Divers;Les Pics - Rocrouillé (Niv. 65)
Ardoise;Mineur;Extraction de pierre;62;Pierre;Les Pics - Rocrouillé (Niv. 65)
Terre diatomée;Mineur;Extraction de pierre;63;Pierre;Mer de Rubis - Rasen Kaikyo (Niv. 65)
Joyau en rubis;Mineur;Extraction de pierre;64;Divers;Mer de Rubis - Rasen Kaikyo (Niv. 65)
Penne de la Mer de nuages;Mineur;Extraction de pierre;65;Divers;L'Écume des cieux de Dravania - Colonie des Maîtres terriens (Niv. 65)
Perlite;Mineur;Extraction de pierre;66;Pierre;Yanxia - Vallée aux Prismes (Niv. 70)
Dacite;Mineur;Extraction de pierre;66;Pierre;Yanxia - Vallée aux Prismes (Niv. 70)
Sable de durium;Mineur;Extraction de pierre;66;Pierre;Steppe d'Azim - Onsal Hakair (Niv. 70)
Épices de la Steppe d'Azim;Mineur;Extraction de pierre;66;Divers;Steppe d'Azim - Onsal Hakair (Niv. 70)
Sable de tamahagane;Mineur;Extraction de pierre;67;Pierre;Steppe d'Azim - Onsal Hakair (Niv. 70)
Sable de palladium;Mineur;Extraction de pierre;69;Pierre;Steppe d'Azim - Onsal Hakair (Niv. 70)
Sel d'Ala Mhigo;Mineur;Extraction de pierre;69;Réactif;Les Lacs - Lac Seld (Niv. 70)
Boule de charbon;Mineur;Extraction de pierre;70;Divers;Kholusia - Ombrefaille (Niv. 70)
Épices parfumées;Mineur;Extraction de pierre;70;Divers;Amh Araeng - Auberge du Grand Départ (Niv. 70)
Trace d'animal sauvage;Mineur;Extraction de pierre;70;Autre;Amh Araeng - Auberge du Grand Départ (Niv. 70)
Élément pour intérieur d'aéronef;Mineur;Extraction de pierre;70;Divers;Amh Araeng - Auberge du Grand Départ (Niv. 70)
Spécialités de Kholusia;Mineur;Extraction de pierre;70;Divers;Kholusia - Ombrefaille (Niv. 70)
Terreau de Yanxia;Mineur;Extraction de pierre;70;Pierre;Yanxia - Vallée aux Prismes (Niv. 70)
Salpêtre grossier;Mineur;Extraction de pierre;70;Réactif;Amh Araeng - Auberge du Grand Départ (Niv. 70)
Alun jaune;Mineur;Extraction de pierre;70;Réactif;Amh Araeng - Auberge du Grand Départ (Niv. 70)
Mudstone solide;Mineur;Extraction de pierre;71;Pierre;Kholusia - Lenteroute (Niv. 75)
Sable d'or franc;Mineur;Extraction de pierre;71;Pierre;Kholusia - Lenteroute (Niv. 75)
Matériaux d'outils de récolte pour dragon;Mineur;Extraction de pierre;71;Divers;Hautes terres du Coerthas occidental - Le Convictoire (Niv. 75)
Ingrédients de sandwichs pour dragon;Mineur;Extraction de pierre;74;Divers;Mer de Rubis - Le Kobayashi Maru (Niv. 75)
Sable de mana-argent;Mineur;Extraction de pierre;75;Pierre;Rak'tika - Conquête de Lozatl (Niv. 75)
Tuf volcanique;Mineur;Extraction de pierre;76;Pierre;Kholusia - Amistie (Niv. 80)
Sable de bronze titané;Mineur;Extraction de pierre;76;Pierre;Amh Araeng - Grandes mines de Biran (Niv. 80)
Sable de mithril noble;Mineur;Extraction de pierre;79;Pierre;Amh Araeng - Grandes mines de Biran (Niv. 80)
Quartz de l'ombre;Mineur;Extraction de pierre;80;Pierre;Kholusia - Komra (Niv. 80)
Pierre de foudre grondante;Mineur;Extraction de pierre;80;Pierre;Kholusia - Komra (Niv. 80)
Latex;Botaniste;Coupe;1;Réactif;Forêt centrale - Berges de Jade (Niv. 5), Forêt du nord - Futaie des Murmures (Niv. 5)
Éclat de feu;Botaniste;Coupe;1;Cristal;Noscea centrale - Le Coude de Trois-Malms (Niv. 30)
Éclat de glace;Botaniste;Coupe;1;Cristal;Forêt centrale - Berges de Jade (Niv. 5), Forêt du sud - Hauts-Chemins (Niv. 25), Hautes terres du Coerthas central - L'Arête blanche (Niv. 5), Noscea occidentale - Vallée du Crâne (Niv. 20)
Éclat de vent;Botaniste;Coupe;1;Cristal;Forêt centrale - Berges de Jade (Niv. 5), Forêt de l'est - Neuf-Lierres (Niv. 20)
Éclat de terre;Botaniste;Coupe;1;Cristal;Basse-Noscea - La Cédrière (Niv. 10), Forêt du nord - Ruines de Gelmorra (Niv. 5)
Éclat de foudre;Botaniste;Coupe;1;Cristal;Mor Dhona - L'Enchevêtrement (Niv. 5), Thanalan central - Bassin des Désépinés (Niv. 10)
Éclat d'eau;Botaniste;Coupe;1;Cristal;Noscea orientale - Rives sanglantes (Niv. 30)
Escargot allagois;Botaniste;Coupe;2;Ingrédient;Forêt centrale - Berges de Jade (Niv. 5)
Sève d'érable;Botaniste;Coupe;2;Réactif;Forêt du nord - Futaie des Murmures (Niv. 5)
Rondin d'érable;Botaniste;Coupe;3;Bois;Forêt centrale - Berges de Jade (Niv. 5), Forêt du nord - Futaie des Murmures (Niv. 5)
Cannelle;Botaniste;Coupe;4;Ingrédient;Forêt du nord - Futaie des Murmures (Niv. 5)
Branche d'érable;Botaniste;Coupe;5;Bois;Forêt centrale - Berges de Jade (Niv. 5), Forêt du nord - Futaie des Murmures (Niv. 5)
Fragment d'alvéoles;Botaniste;Coupe;5;Réactif;Forêt du nord - Futaie des Murmures (Niv. 5)
Plume de coq;Botaniste;Coupe;6;Tissu;Thanalan central - Bassin des Désépinés (Niv. 10)
Gui de Tinolqa;Botaniste;Coupe;6;Réactif;Forêt centrale - Larmeverte (Niv. 10), Forêt du nord - Futaie des Murmures (Niv. 10)
Orange noscéenne;Botaniste;Coupe;7;Ingrédient;Basse-Noscea - La Cédrière (Niv. 10)
Graines d'oranger noscéen;Botaniste;Coupe;7;Jardinage;Basse-Noscea - La Cédrière (Niv. 10)
Rondin de frêne;Botaniste;Coupe;8;Bois;Forêt centrale - Larmeverte (Niv. 10), Forêt du nord - Futaie des Murmures (Niv. 10)
Fève kukuru;Botaniste;Coupe;9;Ingrédient;Basse-Noscea - La Cédrière (Niv. 10)
Branche de frêne;Botaniste;Coupe;9;Bois;Forêt centrale - Larmeverte (Niv. 10), Forêt du nord - Futaie des Murmures (Niv. 10)
Girofle;Botaniste;Coupe;10;Ingrédient;Thanalan central - Bassin des Désépinés (Niv. 10)
Plume de corbeau;Botaniste;Coupe;10;Tissu;Forêt centrale - Larmeverte (Niv. 10)
Rondin d'orme;Botaniste;Coupe;12;Bois;Forêt centrale - Brancharquée (Niv. 15)
Châtaigne de Gridania;Botaniste;Coupe;14;Ingrédient;Forêt centrale - Brancharquée (Niv. 15)
Pomme de fée;Botaniste;Coupe;16;Ingrédient;Forêt de l'est - Neuf-Lierres (Niv. 20)
Graines de pommier de fée;Botaniste;Coupe;16;Jardinage;Forêt de l'est - Neuf-Lierres (Niv. 20)
Citron soleil;Botaniste;Coupe;17;Ingrédient;Basse-Noscea - La Cédrière (Niv. 20)
Graines de citronnier soleil;Botaniste;Coupe;17;Jardinage;Basse-Noscea - La Cédrière (Niv. 20)
Figue de barbarie;Botaniste;Coupe;18;Ingrédient;Thanalan central - Roncenoire (Niv. 20)
Rondin d'if;Botaniste;Coupe;19;Bois;Forêt de l'est - Neuf-Lierres (Niv. 20)
Branche d'if;Botaniste;Coupe;20;Bois;Forêt de l'est - Neuf-Lierres (Niv. 20)
Matière carbonique grade I;Botaniste;Coupe;20;Catalyseur;Noscea occidentale - Vallée du Crâne (Niv. 20)
Noix de Gridania;Botaniste;Coupe;21;Ingrédient;Forêt du sud - Hauts-Chemins (Niv. 25)
Gui de Nophica;Botaniste;Coupe;23;Réactif;Forêt du sud - Hauts-Chemins (Niv. 25)
Rondin de noyer;Botaniste;Coupe;24;Bois;Forêt du sud - Hauts-Chemins (Niv. 25)
Cristal de feu;Botaniste;Coupe;26;Cristal;Amh Araeng - La Louche (Niv. 80), Avant-pays dravanien - Terres fumantes (Niv. 55), Les Marges - Confins est (Niv. 65), Noscea centrale - Le Coude de Trois-Malms (Niv. 30)
Cristal de glace;Botaniste;Coupe;26;Cristal;Forêt du sud - Hauts-Chemins (Niv. 30), Hautes terres du Coerthas occidental - Deux-Rivières (Niv. 50), Kholusia - Tour de Montvoir (Niv. 70), Les Lacs - Crâne d'Abalathia (Niv. 70)
Cristal de vent;Botaniste;Coupe;26;Cristal;Forêt centrale - Brancharquée (Niv. 30), Rak'tika - Solide Serment (Niv. 75), Yanxia - Envol du Héron (Niv. 65)
Cristal de terre;Botaniste;Coupe;26;Cristal;Forêt du nord - Sommière de la Paix (Niv. 30), Grand-Lac - Les mille Lacis (Niv. 75), L'Écume des cieux de Dravania - Eil Tohm (Niv. 60), Les Pics - Pleur caché (Niv. 75)
Cristal de foudre;Botaniste;Coupe;26;Cristal;Thanalan central - Bassin des Désépinés (Niv. 30)
Cristal d'eau;Botaniste;Coupe;26;Cristal;Il Mheg - Halte de Dammroen (Niv. 75), L'Écume des cieux d'Abalathia - Voor Sian Siran (Niv. 60), Mer de Rubis - Onokoro (Niv. 65), Noscea orientale - Rives sanglantes (Niv. 30)
Pigment bleu;Botaniste;Coupe;28;Teinture;Noscea orientale - Rives sanglantes (Niv. 30)
Pigment rouge;Botaniste;Coupe;28;Teinture;Noscea centrale - Le Coude de Trois-Malms (Niv. 30)
Pigment jaune;Botaniste;Coupe;28;Teinture;Forêt du nord - Sommière de la Paix (Niv. 30)
Pigment gris;Botaniste;Coupe;28;Teinture;Forêt du sud - Hauts-Chemins (Niv. 30)
Pigment brun;Botaniste;Coupe;28;Teinture;Forêt du nord - Sommière de la Paix (Niv. 30)
Pigment vert;Botaniste;Coupe;28;Teinture;Forêt centrale - Brancharquée (Niv. 30)
Pigment violet;Botaniste;Coupe;28;Teinture;Thanalan central - Bassin des Désépinés (Niv. 30)
Plume de chocobo;Botaniste;Coupe;29;Tissu;Forêt du sud - Charmille silencieuse (Niv. 30)
Poire alligator;Botaniste;Coupe;30;Ingrédient;Forêt du sud - Charmille silencieuse (Niv. 30)
Branche de chêne;Botaniste;Coupe;31;Bois;Forêt du sud - Bas-Chemins (Niv. 35)
Rondin de chêne;Botaniste;Coupe;32;Bois;Forêt du sud - Bas-Chemins (Niv. 35)
Tarentule;Botaniste;Coupe;35;Réactif;Forêt du sud - Bas-Chemins (Niv. 35)
Gland de fer;Botaniste;Coupe;36;Ingrédient;Noscea orientale - Ravine des Cueillepluies (Niv. 40)
Rondin d'acajou;Botaniste;Coupe;37;Bois;Noscea orientale - Ravine des Cueillepluies (Niv. 40)
Noix de muscade;Botaniste;Coupe;39;Ingrédient;Noscea orientale - Ravine des Cueillepluies (Niv. 40)
Amandes;Botaniste;Coupe;40;Ingrédient;Noscea orientale - Ravine des Cueillepluies (Niv. 40)
Graines d'amandier;Botaniste;Coupe;40;Jardinage;Noscea orientale - Ravine des Cueillepluies (Niv. 40)
Pomme luisante;Botaniste;Coupe;42;Ingrédient;Hautes terres du Coerthas central - L'Arête blanche (Niv. 45)
Graines de pommier luisant;Botaniste;Coupe;42;Jardinage;Hautes terres du Coerthas central - L'Arête blanche (Niv. 45)
Gui;Botaniste;Coupe;44;Réactif;Hautes terres du Coerthas central - L'Arête blanche (Niv. 45)
Rondin de palissandre;Botaniste;Coupe;46;Bois;Forêt de l'est - Massif de ronces (Niv. 50)
Branche de palissandre;Botaniste;Coupe;47;Bois;Forêt de l'est - Massif de ronces (Niv. 50)
Agrégat de feu;Botaniste;Coupe;50;Cristal;Mor Dhona - Rive nord de Pleurargent (Niv. 50)
Agrégat de glace;Botaniste;Coupe;50;Cristal;Les Lacs - Jardins de la Reine (Niv. 70), Mor Dhona - Rive nord de Pleurargent (Niv. 50)
Agrégat de vent;Botaniste;Coupe;50;Cristal;Mor Dhona - Rive nord de Pleurargent (Niv. 50)
Agrégat de terre;Botaniste;Coupe;50;Cristal;Mor Dhona - Rive nord de Pleurargent (Niv. 50)
Agrégat de foudre;Botaniste;Coupe;50;Cristal;Mor Dhona - Rive nord de Pleurargent (Niv. 50)
Agrégat d'eau;Botaniste;Coupe;50;Cristal;Mor Dhona - Rive nord de Pleurargent (Niv. 50)
Ananas épineux;Botaniste;Coupe;50;Ingrédient;Noscea orientale - Rives sanglantes (Niv. 50)
Rondin d'épicéa;Botaniste;Coupe;50;Bois;Hautes terres du Coerthas central - Providence (Niv. 50)
Gui de Thavnair;Botaniste;Coupe;50;Réactif;Hautes terres du Coerthas central - L'Arête blanche (Niv. 50)
Baie vampire;Botaniste;Coupe;50;Réactif;Hautes terres du Coerthas central - Tête du dragon (Niv. 50)
Graines d'ananas épineux;Botaniste;Coupe;50;Jardinage;Noscea orientale - Rives sanglantes (Niv. 50)
Cristal terni;Botaniste;Coupe;50;Pierre;Forêt centrale - Larmeverte (Niv. 50), Forêt du nord - Sources de l'Aulne (Niv. 50), Forêt du sud - Hauts-Chemins (Niv. 50), Haute-Noscea - Lac d'Airain (Niv. 50), Hautes terres du Coerthas central - Tête du dragon (Niv. 50), Mor Dhona - Rive nord de Pleurargent (Niv. 50), Noscea centrale - Dérive du Zéphyr (Niv. 50), Noscea orientale - Rives sanglantes (Niv. 50)
Rondin odorant;Botaniste;Coupe;50;Bois;Forêt du sud - Hauts-Chemins (Niv. 50)
Abricot;Botaniste;Coupe;50;Ingrédient;Noscea centrale - Estival (Niv. 50)
Orange sanguine;Botaniste;Coupe;50;Ingrédient;Haute-Noscea - Lac d'Airain (Niv. 50)
Tige de bambou;Botaniste;Coupe;50;Bois;Haute-Noscea - Lac d'Airain (Niv. 50)
Rondin fragrant;Botaniste;Coupe;50;Bois;Forêt centrale - Larmeverte (Niv. 50)
Sève écarlate;Botaniste;Coupe;50;Réactif;Forêt du nord - Sources de l'Aulne (Niv. 50)
Agrégat de matière sombre;Botaniste;Coupe;50;Catalyseur;Forêt centrale - Larmeverte (Niv. 50), Forêt du nord - Sources de l'Aulne (Niv. 50), Forêt du sud - Hauts-Chemins (Niv. 50), Haute-Noscea - Lac d'Airain (Niv. 50), Hautes terres du Coerthas central - Tête du dragon (Niv. 50), Mor Dhona - Rive nord de Pleurargent (Niv. 50), Noscea centrale - Dérive du Zéphyr (Niv. 50), Noscea orientale - Rives sanglantes (Niv. 50)
Rondin de cyprès;Botaniste;Coupe;50;Bois;Forêt centrale - Brancharquée (Niv. 50)
Rondin de cèdre;Botaniste;Coupe;50;Bois;Hautes terres du Coerthas occidental - Deux-Rivières (Niv. 50)
Rondin d'ébène;Botaniste;Coupe;50;Bois;Noscea centrale - Dérive du Zéphyr (Niv. 50)
Branche de cèdre;Botaniste;Coupe;50;Bois;Hautes terres du Coerthas occidental - Deux-Rivières (Niv. 50)
Bolet;Botaniste;Coupe;51;Ingrédient;L'Écume des cieux de Dravania - Ohl Tahn (Niv. 55)
Rondin de châtaignier sombre;Botaniste;Coupe;54;Bois;Avant-pays dravanien - Terres fumantes (Niv. 55)
Gui de Dravania;Botaniste;Coupe;54;Réactif;L'Écume des cieux de Dravania - Ohl Tahn (Niv. 55)
Marron sombre;Botaniste;Coupe;55;Ingrédient;Avant-pays dravanien - Terres fumantes (Niv. 55)
Branche de châtaignier sombre;Botaniste;Coupe;55;Bois;Avant-pays dravanien - Terres fumantes (Niv. 55)
Citron céleste;Botaniste;Coupe;56;Ingrédient;L'Écume des cieux d'Abalathia - Vundu Ok' Bendu (Niv. 60)
Veuve des vents;Botaniste;Coupe;56;Réactif;L'Écume des cieux d'Abalathia - Voor Sian Siran (Niv. 60)
Banane céleste;Botaniste;Coupe;57;Ingrédient;Arrière-pays dravanien - Quartier des Sages (Niv. 60)
Rondin de bouleau;Botaniste;Coupe;58;Bois;L'Écume des cieux d'Abalathia - Voor Sian Siran (Niv. 60)
Branche de bouleau;Botaniste;Coupe;58;Bois;L'Écume des cieux d'Abalathia - Voor Sian Siran (Niv. 60)
Gui d'Abalathia;Botaniste;Coupe;58;Réactif;L'Écume des cieux d'Abalathia - Vundu Ok' Bendu (Niv. 60)
Morille;Botaniste;Coupe;59;Ingrédient;Arrière-pays dravanien - Quartier des Sages (Niv. 60)
Sève de bouleau;Botaniste;Coupe;59;Ingrédient;L'Écume des cieux d'Abalathia - Voor Sian Siran (Niv. 60)
Cèpe des nuages;Botaniste;Coupe;59;Réactif;L'Écume des cieux d'Abalathia - Voor Sian Siran (Niv. 60)
Rondin de camphrier;Botaniste;Coupe;60;Bois;L'Écume des cieux de Dravania - Eil Tohm (Niv. 60)
Branche de camphrier;Botaniste;Coupe;60;Bois;L'Écume des cieux de Dravania - Eil Tohm (Niv. 60)
Branche de hêtre;Botaniste;Coupe;60;Bois;Les Marges - Confins est (Niv. 60)
Nèfle gyrabanienne;Botaniste;Coupe;61;Ingrédient;Les Marges - Confins est (Niv. 65)
Rondin de hêtre;Botaniste;Coupe;61;Bois;Les Marges - Confins est (Niv. 65)
Pousse de bambou;Botaniste;Coupe;63;Ingrédient;Yanxia - Bassin rutilant (Niv. 65)
Rondin de mélèze;Botaniste;Coupe;63;Bois;Mer de Rubis - Onokoro (Niv. 65)
Résine de pin;Botaniste;Coupe;64;Réactif;Yanxia - Envol du Héron (Niv. 65)
Braises;Botaniste;Coupe;64;Divers;Mer de Rubis - Onokoro (Niv. 65)
Shiitake;Botaniste;Coupe;65;Ingrédient;Mer de Rubis - Onokoro (Niv. 65)
Rondin de pin;Botaniste;Coupe;65;Bois;Yanxia - Envol du Héron (Niv. 65)
Matière première pour alambic;Botaniste;Coupe;65;Divers;Yanxia - Envol du Héron (Niv. 65)
Feuilles de plaqueminier;Botaniste;Coupe;66;Réactif;Les Marges - Ternebois (Niv. 70)
Kaki;Botaniste;Coupe;67;Ingrédient;Les Marges - Ternebois (Niv. 70)
Rondin de plaqueminier;Botaniste;Coupe;67;Bois;Les Marges - Ternebois (Niv. 70)
Matière première pour pièce décorative du Bord du gouffre;Botaniste;Coupe;68;Divers;Les Lacs - Crâne d'Abalathia (Niv. 70)
Prune d'Othard;Botaniste;Coupe;70;Ingrédient;Steppe d'Azim - Onsal Hakair (Niv. 70)
Rondin de zelkova;Botaniste;Coupe;70;Bois;Les Lacs - Crâne d'Abalathia (Niv. 70)
Élément nécessaire à une fermentation;Botaniste;Coupe;70;Divers;Les Marges - Ternebois (Niv. 70)
Boule de charbon;Botaniste;Coupe;70;Divers;Kholusia - Tour de Montvoir (Niv. 70)
Branche de kaya;Botaniste;Coupe;70;Bois;Les Lacs - Jardins de la Reine (Niv. 70)
Spécialités de Kholusia;Botaniste;Coupe;70;Divers;Kholusia - Tour de Montvoir (Niv. 70)
Verveine de Yanxia;Botaniste;Coupe;70;Ingrédient;Les Lacs - Jardins de la Reine (Niv. 70)
Branche de chêne blanc;Botaniste;Coupe;70;Bois;Kholusia - Chantier naval de Venmont (Niv. 70)
Pomme pixie;Botaniste;Coupe;71;Ingrédient;Il Mheg - Halte de Dammroen (Niv. 75)
Frantoio;Botaniste;Coupe;71;Ingrédient;Grand-Lac - Les mille Lacis (Niv. 75)
Rondin de chêne blanc;Botaniste;Coupe;71;Bois;Kholusia - Falaises éclatantes (Niv. 75)
Rondin de pommier miracle;Botaniste;Coupe;72;Bois;Il Mheg - Halte de Dammroen (Niv. 75)
Matériaux d'ustensiles de couture pour dragon;Botaniste;Coupe;72;Divers;Avant-pays dravanien - Les Cent Râles (Niv. 75)
Rondin de frêne blanc;Botaniste;Coupe;74;Bois;Rak'tika - Solide Serment (Niv. 75)
Ingrédients de sandwichs pour dragon;Botaniste;Coupe;74;Divers;Les Pics - Pleur caché (Niv. 75)
Nid d'abeilles géantes;Botaniste;Coupe;75;Ingrédient;Rak'tika - Solide Serment (Niv. 75)
Antofle ambré;Botaniste;Coupe;76;Ingrédient;Amh Araeng - La Louche (Niv. 80)
Rondin de teck des sables;Botaniste;Coupe;76;Bois;Amh Araeng - La Louche (Niv. 80)
Rouge de Norvrandt;Botaniste;Coupe;78;Ingrédient;Grand-Lac - Le Guêpier (Niv. 80)
Petit citron;Botaniste;Coupe;80;Ingrédient;Kholusia - L'Aigrette (Niv. 80)
Rondin de gaïac;Botaniste;Coupe;80;Bois;Grand-Lac - Le Guêpier (Niv. 80)
Éclat de feu;Botaniste;Fauche;1;Cristal;Noscea centrale - Estival (Niv. 15), Thanalan oriental - Le Seuil de sable (Niv. 20)
Éclat de glace;Botaniste;Fauche;1;Cristal;Forêt du sud - Bas-Chemins (Niv. 35), Noscea occidentale - Quartpierre (Niv. 20)
Éclat de vent;Botaniste;Fauche;1;Cristal;Forêt centrale - Brancharquée (Niv. 15), Forêt de l'est - Neuf-Lierres (Niv. 20)
Éclat de terre;Botaniste;Fauche;1;Cristal;Basse-Noscea - Baie de Moraby (Niv. 15), Forêt du nord - Sources de l'Aulne (Niv. 30), Haute-Noscea - La Chênaie (Niv. 25)
Éclat de foudre;Botaniste;Fauche;1;Cristal;Thanalan central - Le Nid (Niv. 15), Thanalan méridional - Eaux-Mortes (Niv. 35)
Éclat d'eau;Botaniste;Fauche;1;Cristal;Noscea orientale - Rives sanglantes (Niv. 35), Thanalan occidental - Sources de Nophica (Niv. 15)
Graines d'herbéclat de feu;Botaniste;Fauche;1;Jardinage;Noscea centrale - Estival (Niv. 15)
Graines d'herbéclat de glace;Botaniste;Fauche;1;Jardinage;Noscea occidentale - Quartpierre (Niv. 20)
Graines d'herbéclat de vent;Botaniste;Fauche;1;Jardinage;Forêt centrale - Brancharquée (Niv. 15)
Graines d'herbéclat de terre;Botaniste;Fauche;1;Jardinage;Basse-Noscea - Baie de Moraby (Niv. 15)
Graines d'herbéclat de foudre;Botaniste;Fauche;1;Jardinage;Thanalan central - Le Nid (Niv. 15)
Graines d'herbéclat d'eau;Botaniste;Fauche;1;Jardinage;Thanalan occidental - Confins d'Horizon (Niv. 15)
Raisin des plaines;Botaniste;Fauche;11;Ingrédient;Basse-Noscea - Baie de Moraby (Niv. 15)
Chanterelle;Botaniste;Fauche;11;Ingrédient;Forêt centrale - Brancharquée (Niv. 15)
Seigle;Botaniste;Fauche;11;Ingrédient;Thanalan occidental - Confins d'Horizon (Niv. 15)
Blé;Botaniste;Fauche;11;Ingrédient;Noscea centrale - Estival (Niv. 15)
Ail garlemaldais;Botaniste;Fauche;11;Ingrédient;Thanalan occidental - Sources de Nophica (Niv. 15)
Crapaud arboricole;Botaniste;Fauche;11;Ingrédient;Forêt centrale - Brancharquée (Niv. 15)
Herbe de moko;Botaniste;Fauche;11;Tissu;Thanalan occidental - Confins d'Horizon (Niv. 15)
Ginseng jaune;Botaniste;Fauche;11;Réactif;Thanalan central - Le Nid (Niv. 15)
Graines de raisin des plaines;Botaniste;Fauche;11;Jardinage;Basse-Noscea - Baie de Moraby (Niv. 15)
Graines d'ail garlemaldais;Botaniste;Fauche;11;Jardinage;Thanalan occidental - Sources de Nophica (Niv. 15)
Oignon sauvage;Botaniste;Fauche;12;Ingrédient;Thanalan occidental - Sources de Nophica (Niv. 15)
Haricots buffle;Botaniste;Fauche;12;Ingrédient;Forêt centrale - Brancharquée (Niv. 15)
Paille;Botaniste;Fauche;12;Tissu;Noscea centrale - Estival (Niv. 15)
Lavande;Botaniste;Fauche;12;Réactif;Forêt centrale - Brancharquée (Niv. 15)
Vipère des prés;Botaniste;Fauche;12;Réactif;Thanalan occidental - Confins d'Horizon (Niv. 15)
Bulbe d'oignon sauvage;Botaniste;Fauche;12;Jardinage;Thanalan occidental - Sources de Nophica (Niv. 15)
Graines de lavande;Botaniste;Fauche;12;Jardinage;Forêt centrale - Brancharquée (Niv. 15)
Carotte du Coerthas;Botaniste;Fauche;13;Ingrédient;Thanalan occidental - Confins d'Horizon (Niv. 15)
Citrouille des ogres;Botaniste;Fauche;13;Ingrédient;Thanalan occidental - Sources de Nophica (Niv. 15)
Laitue noscéenne;Botaniste;Fauche;13;Ingrédient;Noscea centrale - Estival (Niv. 15)
Olive cendrée;Botaniste;Fauche;13;Ingrédient;Basse-Noscea - Baie de Moraby (Niv. 15)
Terreau de feuilles;Botaniste;Fauche;13;Réactif;Forêt centrale - Brancharquée (Niv. 15)
Œillet;Botaniste;Fauche;13;Réactif;Forêt centrale - Brancharquée (Niv. 15)
Graines de carotte du Coerthas;Botaniste;Fauche;13;Jardinage;Thanalan occidental - Confins d'Horizon (Niv. 15)
Graines de laitue noscéenne;Botaniste;Fauche;13;Jardinage;Noscea centrale - Estival (Niv. 15)
Graines d'olive cendrée;Botaniste;Fauche;13;Jardinage;Basse-Noscea - Baie de Moraby (Niv. 15)
Épinards des Cieldalaes;Botaniste;Fauche;14;Ingrédient;Basse-Noscea - Baie de Moraby (Niv. 15)
Poivre noir;Botaniste;Fauche;14;Ingrédient;Thanalan central - Le Nid (Niv. 15)
Fleur de coton;Botaniste;Fauche;14;Tissu;Forêt centrale - Brancharquée (Niv. 15)
Grains de poivre noir;Botaniste;Fauche;14;Jardinage;Thanalan central - Le Nid (Niv. 15)
Tomate rubis;Botaniste;Fauche;15;Ingrédient;Noscea centrale - Estival (Niv. 15)
Panais alpin;Botaniste;Fauche;15;Ingrédient;Thanalan central - Le Nid (Niv. 15)
Persil hyurgoth;Botaniste;Fauche;15;Ingrédient;Basse-Noscea - Baie de Moraby (Niv. 15)
Marjolaine;Botaniste;Fauche;15;Ingrédient;Forêt centrale - Brancharquée (Niv. 15)
Paprika;Botaniste;Fauche;16;Ingrédient;Noscea occidentale - Quartpierre (Niv. 20)
Menthe galago;Botaniste;Fauche;16;Ingrédient;Forêt de l'est - Neuf-Lierres (Niv. 20)
Graines de paprika;Botaniste;Fauche;16;Jardinage;Noscea occidentale - Quartpierre (Niv. 20)
Lentilles lalafelles;Botaniste;Fauche;17;Ingrédient;Noscea occidentale - Quartpierre (Niv. 20)
Popoto;Botaniste;Fauche;18;Ingrédient;Thanalan oriental - Le Seuil de sable (Niv. 20)
Belladone;Botaniste;Fauche;18;Réactif;Forêt de l'est - Neuf-Lierres (Niv. 20)
Tubercule de popoto;Botaniste;Fauche;18;Jardinage;Thanalan oriental - Le Seuil de sable (Niv. 20)
Cèpe;Botaniste;Fauche;19;Ingrédient;Forêt de l'est - Neuf-Lierres (Niv. 20)
Pousse noscéenne;Botaniste;Fauche;20;Réactif;Noscea occidentale - Quartpierre (Niv. 20)
Pousse sombrelinçoise;Botaniste;Fauche;20;Réactif;Forêt de l'est - Neuf-Lierres (Niv. 20)
Pousse thanalanaise;Botaniste;Fauche;20;Réactif;Thanalan oriental - Le Seuil de sable (Niv. 20)
Scorpion blanc;Botaniste;Fauche;20;Réactif;Thanalan oriental - Le Seuil de sable (Niv. 20)
Prunes sylphes;Botaniste;Fauche;21;Ingrédient;Haute-Noscea - La Chênaie (Niv. 25)
Graines de prunier sylphe;Botaniste;Fauche;21;Jardinage;Haute-Noscea - La Chênaie (Niv. 25)
Raisin noble;Botaniste;Fauche;22;Ingrédient;Haute-Noscea - La Chênaie (Niv. 25)
Champignon bouton;Botaniste;Fauche;22;Ingrédient;Thanalan oriental - Les Os desséchés (Niv. 25)
Moutarde mhigoise;Botaniste;Fauche;23;Ingrédient;Thanalan oriental - Les Os desséchés (Niv. 25)
Graines de moutarde mhigoise;Botaniste;Fauche;23;Jardinage;Thanalan oriental - Les Os desséchés (Niv. 25)
Gingembre perlé;Botaniste;Fauche;24;Ingrédient;Thanalan oriental - Les Os desséchés (Niv. 25)
Camomille;Botaniste;Fauche;24;Réactif;Haute-Noscea - La Chênaie (Niv. 25)
Rhizome de gingembre perlé;Botaniste;Fauche;24;Jardinage;Thanalan oriental - Les Os desséchés (Niv. 25)
Graines de camomille;Botaniste;Fauche;24;Jardinage;Haute-Noscea - La Chênaie (Niv. 25)
Riz gluant;Botaniste;Fauche;25;Ingrédient;Haute-Noscea - La Chênaie (Niv. 25)
Milli-maïs;Botaniste;Fauche;25;Ingrédient;Thanalan oriental - Les Os desséchés (Niv. 25)
Graines de milli-maïs;Botaniste;Fauche;25;Jardinage;Thanalan oriental - Les Os desséchés (Niv. 25)
Pois de jade;Botaniste;Fauche;26;Ingrédient;Forêt du nord - Sources de l'Aulne (Niv. 30)
Cristal de feu;Botaniste;Fauche;26;Cristal;Amh Araeng - La Truffe (Niv. 70), Avant-pays dravanien - Forêt des chocobos (Niv. 55), Les Marges - Confins est (Niv. 60)
Cristal de glace;Botaniste;Fauche;26;Cristal;Hautes terres du Coerthas occidental - Les Jumeaux (Niv. 55), Kholusia - Tour de Mervoir (Niv. 75)
Cristal de vent;Botaniste;Fauche;26;Cristal;Arrière-pays dravanien - Quartier académique (Niv. 60), Hautes terres du Coerthas occidental - Rougebord (Niv. 60), L'Écume des cieux d'Abalathia - Ok' Vundu Mok (Niv. 60), Rak'tika - Géant accroupi (Niv. 75), Yanxia - Bassin rutilant (Niv. 70)
Cristal de terre;Botaniste;Fauche;26;Cristal;Arrière-pays dravanien - Arboretum Sainte-Mocianne (Niv. 60), Avant-pays dravanien - Déclin d'Avalonia (Niv. 60), Grand-Lac - Forêt du Berger égaré (Niv. 75), L'Écume des cieux de Dravania - Colonie des Maîtres terriens (Niv. 55), Steppe d'Azim - Retraite de Nhaama (Niv. 70)
Cristal de foudre;Botaniste;Fauche;26;Cristal;L'Écume des cieux d'Abalathia - La Fenêtre bleue (Niv. 60), Les Pics - Dernière forêt (Niv. 60)
Cristal d'eau;Botaniste;Fauche;26;Cristal;Il Mheg - Thysm Lran (Niv. 70), Mer de Rubis - Île de Bekko (Niv. 60)
Aubergine du mage;Botaniste;Fauche;27;Ingrédient;Forêt du nord - Sources de l'Aulne (Niv. 30)
Graines d'aubergine du mage;Botaniste;Fauche;27;Jardinage;Forêt du nord - Sources de l'Aulne (Niv. 30)
Chou hyurois;Botaniste;Fauche;28;Ingrédient;Forêt du nord - Sources de l'Aulne (Niv. 30)
Graines de chou hyurois;Botaniste;Fauche;28;Jardinage;Forêt du nord - Sources de l'Aulne (Niv. 30)
Sangsue des landes;Botaniste;Fauche;30;Réactif;Forêt du nord - Sources de l'Aulne (Niv. 30)
Fibres de lin;Botaniste;Fauche;31;Tissu;Forêt du sud - Bas-Chemins (Niv. 35)
Herbes de Yafaem;Botaniste;Fauche;31;Divers;Thanalan méridional - Eaux-Mortes (Niv. 35)
Graines de lin;Botaniste;Fauche;31;Jardinage;Forêt du sud - Bas-Chemins (Niv. 35)
Aloès;Botaniste;Fauche;32;Ingrédient;Thanalan méridional - Eaux-Mortes (Niv. 35)
Basilic hyurois;Botaniste;Fauche;32;Ingrédient;Noscea orientale - Rives sanglantes (Niv. 35)
Graines de basilic hyurois;Botaniste;Fauche;32;Jardinage;Noscea orientale - Rives sanglantes (Niv. 35)
Truffe blanche;Botaniste;Fauche;33;Ingrédient;Forêt du sud - Bas-Chemins (Niv. 35)
Baron rouge;Botaniste;Fauche;33;Tissu;Thanalan méridional - Eaux-Mortes (Niv. 35)
Mandragore;Botaniste;Fauche;33;Réactif;Noscea orientale - Rives sanglantes (Niv. 35)
Graines de mandragore;Botaniste;Fauche;33;Jardinage;Noscea orientale - Rives sanglantes (Niv. 35)
Poireau des marais;Botaniste;Fauche;34;Ingrédient;Noscea orientale - Rives sanglantes (Niv. 35)
Laurier;Botaniste;Fauche;34;Ingrédient;Thanalan méridional - Eaux-Mortes (Niv. 35)
Plume de tetrax;Botaniste;Fauche;34;Tissu;Forêt du sud - Bas-Chemins (Niv. 35)
Piment dragon;Botaniste;Fauche;35;Ingrédient;Noscea orientale - Rives sanglantes (Niv. 35)
Safran du désert;Botaniste;Fauche;35;Ingrédient;Thanalan méridional - Eaux-Mortes (Niv. 35)
Groseille sanguine;Botaniste;Fauche;36;Ingrédient;Forêt du sud - Bas-Chemins (Niv. 40)
Graines de groseillier sanguin;Botaniste;Fauche;36;Jardinage;Forêt du sud - Bas-Chemins (Niv. 40)
Armoise;Botaniste;Fauche;37;Ingrédient;Noscea orientale - Ravine des Cueillepluies (Niv. 40)
Artichaut de la vierge;Botaniste;Fauche;38;Ingrédient;Noscea orientale - Ravine des Cueillepluies (Niv. 40)
Courgette corne de bélier;Botaniste;Fauche;39;Ingrédient;Noscea orientale - Ravine des Cueillepluies (Niv. 40)
Thym;Botaniste;Fauche;39;Ingrédient;Forêt du sud - Bas-Chemins (Niv. 40)
Sauge de Sagolii;Botaniste;Fauche;41;Ingrédient;Haute-Noscea - Lac d'Airain (Niv. 45)
Scorpion noir;Botaniste;Fauche;42;Réactif;Haute-Noscea - Lac d'Airain (Niv. 45)
Rolanbaie;Botaniste;Fauche;43;Ingrédient;Haute-Noscea - Lac d'Airain (Niv. 45)
Graines de rolanbaie;Botaniste;Fauche;43;Jardinage;Haute-Noscea - Lac d'Airain (Niv. 45)
Grenouille flèche;Botaniste;Fauche;45;Réactif;Haute-Noscea - Lac d'Airain (Niv. 45)
Feuilles de thé du Thanalan;Botaniste;Fauche;48;Ingrédient;Thanalan méridional - Désert de Sagolii (Niv. 50)
Crapaud lavique;Botaniste;Fauche;49;Ingrédient;Thanalan méridional - Désert de Sagolii (Niv. 50)
Eulalie;Botaniste;Fauche;50;Tissu;Thanalan méridional - Désert de Sagolii (Niv. 50)
Agrégat de glace;Botaniste;Fauche;50;Cristal;Kholusia - Tomra (Niv. 80)
Agrégat de vent;Botaniste;Fauche;50;Cristal;Hautes terres du Coerthas occidental - Rougebord (Niv. 60), L'Écume des cieux d'Abalathia - Ok' Vundu Mok (Niv. 60), Rak'tika - Astropole des K'mul (Niv. 80), Yanxia - Bassin rutilant (Niv. 70)
Agrégat de terre;Botaniste;Fauche;50;Cristal;Arrière-pays dravanien - Arboretum Sainte-Mocianne (Niv. 60), Avant-pays dravanien - Déclin d'Avalonia (Niv. 60), Grand-Lac - Dents-de-pierre (Niv. 80), L'Écume des cieux de Dravania - Clos-Vert (Niv. 60), Steppe d'Azim - Retraite de Nhaama (Niv. 70)
Tomate Dzemael;Botaniste;Fauche;50;Ingrédient;Noscea orientale - Ravine des Cueillepluies (Niv. 50)
Citron miel;Botaniste;Fauche;50;Ingrédient;Noscea orientale - Rives sanglantes (Niv. 50)
Truffe noire;Botaniste;Fauche;50;Ingrédient;Thanalan oriental - Les Os desséchés (Niv. 50)
Cocon de ver à soie;Botaniste;Fauche;50;Tissu;Forêt de l'est - Neuf-Lierres (Niv. 50)
Trille;Botaniste;Fauche;50;Réactif;Forêt de l'est - Massif de ronces (Niv. 50)
Bulbe de trille;Botaniste;Fauche;50;Réactif;Forêt de l'est - Jardinet du miel (Niv. 50)
Mini-mini-mandragore;Botaniste;Fauche;50;Mascotte;Forêt de l'est - Jardinet du miel (Niv. 50)
Graines de tomate Dzemael;Botaniste;Fauche;50;Jardinage;Noscea orientale - Ravine des Cueillepluies (Niv. 50)
Graines de citronnier miel;Botaniste;Fauche;50;Jardinage;Noscea orientale - Rives sanglantes (Niv. 50)
Cristal terni;Botaniste;Fauche;50;Pierre;Basse-Noscea - La Cédrière (Niv. 50), Forêt centrale - Havre des Renouées (Niv. 50), Forêt de l'est - Jardinet du miel (Niv. 50), Noscea occidentale - Quartpierre (Niv. 50), Noscea orientale - Rives sanglantes (Niv. 50), Thanalan oriental - Les Os desséchés (Niv. 50)
Herbes de Mazlaya;Botaniste;Fauche;50;Divers;Basse-Noscea - La Cédrière (Niv. 50), Forêt centrale - Havre des Renouées (Niv. 50), Forêt de l'est - Jardinet du miel (Niv. 50), Noscea occidentale - Quartpierre (Niv. 50), Thanalan oriental - Les Os desséchés (Niv. 50)
Poireau noscéen;Botaniste;Fauche;50;Ingrédient;Noscea occidentale - Quartpierre (Niv. 50)
Jeunes épinards des Cieldalaes;Botaniste;Fauche;50;Ingrédient;Basse-Noscea - La Cédrière (Niv. 50)
Plume de sauvagine;Botaniste;Fauche;50;Tissu;Noscea occidentale - Quartpierre (Niv. 50)
Feuilles de thé de Tinolqa;Botaniste;Fauche;50;Réactif;Forêt centrale - Havre des Renouées (Niv. 50)
Agrégat de matière sombre;Botaniste;Fauche;50;Catalyseur;Avant-pays dravanien - Forêt des chocobos (Niv. 50), Basse-Noscea - La Cédrière (Niv. 50), Forêt centrale - Havre des Renouées (Niv. 50), Forêt de l'est - Jardinet du miel (Niv. 50), Noscea occidentale - Quartpierre (Niv. 50), Noscea orientale - Rives sanglantes (Niv. 50), Thanalan oriental - Les Os desséchés (Niv. 50)
Figue du vieux continent;Botaniste;Fauche;50;Ingrédient;Avant-pays dravanien - Forêt des chocobos (Niv. 50)
Graines de figuier du vieux continent;Botaniste;Fauche;50;Jardinage;Avant-pays dravanien - Forêt des chocobos (Niv. 50)
Romarin;Botaniste;Fauche;50;Réactif;Forêt de l'est - Neuf-Lierres (Niv. 50)
Fleur de coton arc-en-ciel;Botaniste;Fauche;51;Tissu;Hautes terres du Coerthas occidental - Les Jumeaux (Niv. 55)
Chou-bourgeon;Botaniste;Fauche;52;Ingrédient;Hautes terres du Coerthas occidental - Deux-Rivières (Niv. 55)
Aneth;Botaniste;Fauche;52;Ingrédient;Hautes terres du Coerthas occidental - Les Jumeaux (Niv. 55)
Graines de chou-bourgeon;Botaniste;Fauche;52;Jardinage;Hautes terres du Coerthas occidental - Deux-Rivières (Niv. 55)
Échalion cyclope;Botaniste;Fauche;53;Ingrédient;Avant-pays dravanien - Forêt des chocobos (Niv. 55)
Blé des hautes terres;Botaniste;Fauche;53;Ingrédient;Avant-pays dravanien - Forêt des chocobos (Niv. 55)
Feuilles de thé du Coerthas;Botaniste;Fauche;53;Ingrédient;Hautes terres du Coerthas occidental - Deux-Rivières (Niv. 55)
Graines de théier du Coerthas;Botaniste;Fauche;53;Jardinage;Hautes terres du Coerthas occidental - Deux-Rivières (Niv. 55)
Tige de ramie;Botaniste;Fauche;54;Tissu;Avant-pays dravanien - Forêt des chocobos (Niv. 55)
Betteraves de magma;Botaniste;Fauche;55;Ingrédient;L'Écume des cieux de Dravania - Colonie des Maîtres terriens (Niv. 55)
Haricots émeraude;Botaniste;Fauche;55;Ingrédient;L'Écume des cieux de Dravania - Colonie des Maîtres terriens (Niv. 55)
Ciboulette;Botaniste;Fauche;55;Ingrédient;Hautes terres du Coerthas occidental - Deux-Rivières (Niv. 55)
Origan;Botaniste;Fauche;56;Ingrédient;Hautes terres du Coerthas occidental - Rougebord (Niv. 60), L'Écume des cieux d'Abalathia - Ok' Vundu Mok (Niv. 60)
Marjolaine potagère;Botaniste;Fauche;56;Ingrédient;Hautes terres du Coerthas occidental - Rougebord (Niv. 60), L'Écume des cieux d'Abalathia - Ok' Vundu Mok (Niv. 60)
Argile granuleuse;Botaniste;Fauche;56;Réactif;Arrière-pays dravanien - Arboretum Sainte-Mocianne (Niv. 60), Avant-pays dravanien - Déclin d'Avalonia (Niv. 60), L'Écume des cieux de Dravania - Clos-Vert (Niv. 60)
Échinacée;Botaniste;Fauche;56;Réactif;Avant-pays dravanien - Déclin d'Avalonia (Niv. 60)
Sésame;Botaniste;Fauche;57;Ingrédient;L'Écume des cieux d'Abalathia - La Fenêtre bleue (Niv. 60)
Tanaisie;Botaniste;Fauche;57;Réactif;Arrière-pays dravanien - Quartier académique (Niv. 60)
Pièce de monnaie ancienne de Radz-at-Han;Botaniste;Fauche;57;Divers;Arrière-pays dravanien - Quartier académique (Niv. 60)
Menthe douce;Botaniste;Fauche;58;Ingrédient;Hautes terres du Coerthas occidental - Rougebord (Niv. 60), L'Écume des cieux d'Abalathia - Ok' Vundu Mok (Niv. 60)
Menthe aquatique;Botaniste;Fauche;58;Ingrédient;Hautes terres du Coerthas occidental - Rougebord (Niv. 60), L'Écume des cieux d'Abalathia - Ok' Vundu Mok (Niv. 60)
Stalagmite de glace;Botaniste;Fauche;58;Réactif;Hautes terres du Coerthas occidental - Les Jumeaux (Niv. 60)
Tourbe;Botaniste;Fauche;58;Réactif;Arrière-pays dravanien - Arboretum Sainte-Mocianne (Niv. 60), Avant-pays dravanien - Déclin d'Avalonia (Niv. 60), L'Écume des cieux de Dravania - Clos-Vert (Niv. 60)
Rue des jardins;Botaniste;Fauche;58;Réactif;Hautes terres du Coerthas occidental - Les Jumeaux (Niv. 60)
Mousse tombe-crépuscule;Botaniste;Fauche;59;Réactif;L'Écume des cieux de Dravania - Fort-Heaume (Niv. 60)
Pissenlit;Botaniste;Fauche;59;Réactif;L'Écume des cieux de Dravania - Fort-Heaume (Niv. 60)
Coriandre;Botaniste;Fauche;59;Réactif;Hautes terres du Coerthas occidental - Les Jumeaux (Niv. 60)
Légumes cabus;Botaniste;Fauche;60;Ingrédient;Hautes terres du Coerthas occidental - Les Jumeaux (Niv. 60)
Sauge sclarée;Botaniste;Fauche;60;Ingrédient;Hautes terres du Coerthas occidental - Rougebord (Niv. 60), L'Écume des cieux d'Abalathia - Ok' Vundu Mok (Niv. 60)
Sauge verveine;Botaniste;Fauche;60;Ingrédient;Hautes terres du Coerthas occidental - Rougebord (Niv. 60), L'Écume des cieux d'Abalathia - Ok' Vundu Mok (Niv. 60)
Terreau noir;Botaniste;Fauche;60;Réactif;Arrière-pays dravanien - Arboretum Sainte-Mocianne (Niv. 60), Avant-pays dravanien - Déclin d'Avalonia (Niv. 60), L'Écume des cieux de Dravania - Clos-Vert (Niv. 60)
Humus;Botaniste;Fauche;60;Réactif;Arrière-pays dravanien - Arboretum Sainte-Mocianne (Niv. 60), Avant-pays dravanien - Déclin d'Avalonia (Niv. 60), L'Écume des cieux de Dravania - Clos-Vert (Niv. 60)
Cataire;Botaniste;Fauche;60;Réactif;Arrière-pays dravanien - Quartier académique (Niv. 60)
Pervenche;Botaniste;Fauche;60;Réactif;Arrière-pays dravanien - Quartier académique (Niv. 60), Avant-pays dravanien - Déclin d'Avalonia (Niv. 60), L'Écume des cieux d'Abalathia - La Fenêtre bleue (Niv. 60), L'Écume des cieux de Dravania - Fort-Heaume (Niv. 60)
Œil-de-verre;Botaniste;Fauche;60;Divers;L'Écume des cieux d'Abalathia - La Fenêtre bleue (Niv. 60)
Sablétoile;Botaniste;Fauche;60;Divers;Les Marges - Confins est (Niv. 60)
Koban de Shishu;Botaniste;Fauche;60;Divers;Mer de Rubis - Île de Bekko (Niv. 60)
Bijou de la dynastie des Cotter;Botaniste;Fauche;60;Divers;Les Marges - Confins est (Niv. 60)
Feuille de laurier de Menphina;Botaniste;Fauche;60;Ingrédient;Arrière-pays dravanien - Arboretum Sainte-Mocianne (Niv. 60), Avant-pays dravanien - Déclin d'Avalonia (Niv. 60), Hautes terres du Coerthas occidental - Rougebord (Niv. 60), L'Écume des cieux d'Abalathia - Ok' Vundu Mok (Niv. 60), L'Écume des cieux de Dravania - Clos-Vert (Niv. 60)
Fleur de coton du givre;Botaniste;Fauche;60;Tissu;Hautes terres du Coerthas occidental - Les Jumeaux (Niv. 60)
Pigment arc-en-ciel;Botaniste;Fauche;60;Teinture;Avant-pays dravanien - Déclin d'Avalonia (Niv. 60)
Pigments gyrabaniens;Botaniste;Fauche;60;Divers;Les Pics - Dernière forêt (Niv. 60)
Racine de kudzu doré;Botaniste;Fauche;60;Divers;Les Pics - Dernière forêt (Niv. 60)
Blé des plateaux;Botaniste;Fauche;60;Ingrédient;Les Marges - Confins est (Niv. 60)
Akaso;Botaniste;Fauche;60;Tissu;Les Marges - Confins est (Niv. 60)
Poudre minérale thérapeutique;Botaniste;Fauche;61;Divers;Les Pics - Dernière forêt (Niv. 65)
Popoto des montagnes;Botaniste;Fauche;62;Ingrédient;Les Pics - Dernière forêt (Niv. 65)
Graines de sarrasin;Botaniste;Fauche;62;Ingrédient;Les Pics - Dernière forêt (Niv. 65)
Sargasse tamamo;Botaniste;Fauche;62;Ingrédient;Mer de Rubis - Rasen Kaikyo (Niv. 65)
Pièce de harpon;Botaniste;Fauche;62;Divers;Les Marges - Ternebois (Niv. 65)
Fleur de rubicoton;Botaniste;Fauche;63;Tissu;Mer de Rubis - Rasen Kaikyo (Niv. 65)
Basilic sacré;Botaniste;Fauche;63;Réactif;Les Marges - Ternebois (Niv. 65)
Liquide isolant;Botaniste;Fauche;63;Divers;Hautes terres du Coerthas occidental - Prairie de Gorgagne (Niv. 65)
Betterave sucrière;Botaniste;Fauche;64;Ingrédient;Les Pics - Dernière forêt (Niv. 65)
Poireau gyrabanien;Botaniste;Fauche;64;Ingrédient;Les Pics - Dernière forêt (Niv. 65)
Soja;Botaniste;Fauche;64;Ingrédient;Mer de Rubis - Côte orientale d'Othard (Niv. 65)
Amanori;Botaniste;Fauche;64;Ingrédient;Mer de Rubis - Rasen Kaikyo (Niv. 65)
Joyau en rubis;Botaniste;Fauche;64;Divers;Mer de Rubis - Rasen Kaikyo (Niv. 65)
Kudzu;Botaniste;Fauche;65;Ingrédient;Les Marges - Ternebois (Niv. 65)
Graines de cumin;Botaniste;Fauche;65;Ingrédient;Mer de Rubis - Côte orientale d'Othard (Niv. 65)
Sarment de kudzu;Botaniste;Fauche;65;Tissu;Les Marges - Ternebois (Niv. 65)
Penne de la Mer de nuages;Botaniste;Fauche;65;Divers;L'Écume des cieux de Dravania - Ohl Tahn (Niv. 65)
Grand radis oriental;Botaniste;Fauche;66;Ingrédient;Yanxia - Doma (Niv. 70)
Carotte gyrabanienne;Botaniste;Fauche;66;Ingrédient;Les Pics - Mont Yorn (Niv. 70)
Rhizome de lotus;Botaniste;Fauche;66;Ingrédient;Yanxia - Vallée aux Prismes (Niv. 70)
Chou-soleil;Botaniste;Fauche;66;Ingrédient;Steppe d'Azim - Retraite de Nhaama (Niv. 70)
Fenouil;Botaniste;Fauche;66;Ingrédient;Steppe d'Azim - Retraite de Nhaama (Niv. 70)
Lœss;Botaniste;Fauche;66;Pierre;Steppe d'Azim - Retraite de Nhaama (Niv. 70)
Mauve des vents;Botaniste;Fauche;66;Réactif;Yanxia - Bassin rutilant (Niv. 70)
Princesse-du-thé;Botaniste;Fauche;66;Réactif;Yanxia - Bassin rutilant (Niv. 70)
Épices de la Steppe d'Azim;Botaniste;Fauche;66;Divers;Steppe d'Azim - Retraite de Nhaama (Niv. 70)
Goémon corallin;Botaniste;Fauche;67;Ingrédient;Mer de Rubis - Rasen Kaikyo (Niv. 70)
Gingembre jhammel;Botaniste;Fauche;68;Ingrédient;Les Lacs - Crâne d'Abalathia (Niv. 70)
Œnanthe de Yanxia;Botaniste;Fauche;68;Réactif;Yanxia - Doma (Niv. 70)
Alysson;Botaniste;Fauche;68;Réactif;Les Pics - Mont Yorn (Niv. 70)
Gnaphale orientale;Botaniste;Fauche;68;Réactif;Yanxia - Doma (Niv. 70)
Mouron blanc;Botaniste;Fauche;68;Réactif;Steppe d'Azim - Retraite de Nhaama (Niv. 70)
Lamier amplexicaule;Botaniste;Fauche;68;Réactif;Steppe d'Azim - Retraite de Nhaama (Niv. 70)
Bringèle domienne;Botaniste;Fauche;69;Ingrédient;Yanxia - Doma (Niv. 70)
Cocon double;Botaniste;Fauche;69;Tissu;Les Pics - Mont Yorn (Niv. 70)
Épices parfumées;Botaniste;Fauche;70;Divers;Amh Araeng - La Truffe (Niv. 70)
Minerai brillant;Botaniste;Fauche;70;Divers;Il Mheg - Thysm Lran (Niv. 70)
Trace d'animal sauvage;Botaniste;Fauche;70;Autre;Amh Araeng - La Truffe (Niv. 70)
Basilic béni;Botaniste;Fauche;70;Réactif;Les Pics - Rocrouillé (Niv. 70)
Élément pour intérieur d'aéronef;Botaniste;Fauche;70;Divers;Amh Araeng - La Truffe (Niv. 70)
Verveine de Yanxia;Botaniste;Fauche;70;Ingrédient;Steppe d'Azim - Retraite de Nhaama (Niv. 70), Yanxia - Bassin rutilant (Niv. 70)
Poivre sombre;Botaniste;Fauche;70;Ingrédient;Amh Araeng - La Truffe (Niv. 70)
Carotte violette;Botaniste;Fauche;71;Ingrédient;Grand-Lac - Forêt du Berger égaré (Niv. 75)
Persil frisé;Botaniste;Fauche;71;Ingrédient;Il Mheg - Route de la laine (Niv. 75)
Tomate sanguine;Botaniste;Fauche;71;Ingrédient;Il Mheg - Route de la laine (Niv. 75)
Fibres de lin blanc;Botaniste;Fauche;71;Tissu;Grand-Lac - Forêt du Berger égaré (Niv. 75)
Matériaux d'outils de récolte pour dragon;Botaniste;Fauche;71;Divers;Arrière-pays dravanien - Delta de Grand-Flot (Niv. 75)
Betterave potagère;Botaniste;Fauche;72;Ingrédient;Il Mheg - Route de la laine (Niv. 75)
Féverole;Botaniste;Fauche;72;Ingrédient;Il Mheg - Phisor Lran (Niv. 75)
Cocon iridescent;Botaniste;Fauche;72;Tissu;Il Mheg - Route de la laine (Niv. 75)
Blé des hauts plateaux;Botaniste;Fauche;73;Ingrédient;Kholusia - Tour de Mervoir (Niv. 75)
Matériaux d'outils d'artisanat pour dragon;Botaniste;Fauche;73;Divers;L'Écume des cieux d'Abalathia - Le Nidifice (Niv. 75)
Déjection d'animal sauvage;Botaniste;Fauche;73;Autre;Grand-Lac - Forêt du Berger égaré (Niv. 75)
Menthe poivrée;Botaniste;Fauche;74;Ingrédient;Grand-Lac - Embrasure (Niv. 75)
Fleur de coton pixie;Botaniste;Fauche;74;Tissu;Rak'tika - Géant accroupi (Niv. 75)
Raisin royal;Botaniste;Fauche;75;Ingrédient;Rak'tika - Géant accroupi (Niv. 75)
Champignon laiteux;Botaniste;Fauche;75;Ingrédient;Rak'tika - Géant accroupi (Niv. 75)
Matériaux d'imprimerie;Botaniste;Fauche;75;Divers;Yanxia - Manoir des Yuzuka (Niv. 75)
Résidu alimentaire d'animal géant;Botaniste;Fauche;75;Autre;Il Mheg - Route de la laine (Niv. 75)
Popoto brune;Botaniste;Fauche;76;Ingrédient;Amh Araeng - La Queuequeue (Niv. 80)
Terre perlée;Botaniste;Fauche;76;Pierre;Kholusia - Tomra (Niv. 80)
Alysson doux;Botaniste;Fauche;76;Réactif;Rak'tika - La Frairie sauvage (Niv. 80)
Marjolaine douceâtre;Botaniste;Fauche;76;Réactif;Rak'tika - Astropole des K'mul (Niv. 80)
Lavande pinnata;Botaniste;Fauche;77;Réactif;Rak'tika - La Frairie sauvage (Niv. 80)
Jeunes épinards brume;Botaniste;Fauche;78;Ingrédient;Rak'tika - Halte de l'Archère (Niv. 80)
Riz bomba;Botaniste;Fauche;78;Ingrédient;Kholusia - Plateau aux Rocs (Niv. 80)
Grains de café;Botaniste;Fauche;78;Ingrédient;Kholusia - Plateau aux Rocs (Niv. 80)
Basilic citron;Botaniste;Fauche;78;Réactif;Grand-Lac - Ivraie (Niv. 80)
Trace d'animal géant;Botaniste;Fauche;78;Autre;Rak'tika - La Frairie sauvage (Niv. 80)
Fleur de coton nain;Botaniste;Fauche;79;Tissu;Kholusia - Plateau aux Rocs (Niv. 80)
Lys tigrés;Botaniste;Fauche;79;Réactif;Grand-Lac - Ivraie (Niv. 80)
Gerberas lumineuses;Botaniste;Fauche;79;Réactif;Grand-Lac - Ivraie (Niv. 80)
Sauge officinale;Botaniste;Fauche;80;Réactif;Grand-Lac - Dents-de-pierre (Niv. 80)
Menthe éclair;Botaniste;Fauche;80;Réactif;Grand-Lac - Dents-de-pierre (Niv. 80), Kholusia - Tomra (Niv. 80), Rak'tika - Astropole des K'mul (Niv. 80)
Minerai de tungstite;Mineur;Extraction de minerai;60;Pierre;Hautes terres du Coerthas occidental - Les Jumeaux (Niv. 60)
Quartz violet;Mineur;Extraction de pierre;60;Pierre;Hautes terres du Coerthas occidental - Deux-Rivières (Niv. 60)
Granulat astral;Mineur;Extraction de pierre;60;Pierre;Hautes terres du Coerthas occidental - Deux-Rivières (Niv. 60)
Paprika dravanien;Botaniste;Fauche;60;Ingrédient;Hautes terres du Coerthas occidental - Les Jumeaux (Niv. 60)
Gousse de vanille;Botaniste;Fauche;60;Ingrédient;Hautes terres du Coerthas occidental - Les Jumeaux (Niv. 60)
Fleur de coton des neiges;Botaniste;Fauche;60;Tissu;Hautes terres du Coerthas occidental - Les Jumeaux (Niv. 60)
Minerai d'aurum regis;Mineur;Extraction de minerai;60;Pierre;L'Écume des cieux de Dravania - Clos-Vert (Niv. 60)
Minerai de lumithrite;Mineur;Extraction de minerai;60;Pierre;L'Écume des cieux de Dravania - Clos-Vert (Niv. 60)
Quartz bleu;Mineur;Extraction de pierre;60;Pierre;Arrière-pays dravanien - Quartier académique (Niv. 60)
Minerai de zéolite;Mineur;Extraction de pierre;60;Pierre;Arrière-pays dravanien - Quartier des Sages (Niv. 60)
Vieux camphrier;Botaniste;Coupe;60;Bois;L'Écume des cieux de Dravania - Ohl Tahn (Niv. 60)
Sève cristallisée;Botaniste;Coupe;60;Réactif;L'Écume des cieux de Dravania - Ohl Tahn (Niv. 60)
Champignon brun;Botaniste;Coupe;60;Ingrédient;L'Écume des cieux de Dravania - Clos-Vert (Niv. 60)
Rondin de teck;Botaniste;Coupe;60;Bois;Arrière-pays dravanien - Quartier académique (Niv. 60)
Lainuchairelle;Botaniste;Fauche;60;Ingrédient;Arrière-pays dravanien - Quartier des Fabricateurs (Niv. 60)
Fleur astrale;Botaniste;Fauche;60;Réactif;L'Écume des cieux de Dravania - Clos-Vert (Niv. 60)
Sauge noble;Botaniste;Fauche;60;Ingrédient;Avant-pays dravanien - Forêt des chocobos (Niv. 60)
Alun rouge;Mineur;Extraction de minerai;60;Réactif;Azys Lla - Écosphère (Niv. 60)
Minerai de smithsonite;Mineur;Extraction de minerai;60;Pierre;L'Écume des cieux d'Abalathia - Le Gantelet (Niv. 60)
Météorite;Mineur;Extraction de minerai;60;Pierre;L'Écume des cieux d'Abalathia - Le Gantelet (Niv. 60)
Minerai de luminium;Mineur;Extraction de minerai;60;Pierre;Azys Lla - Quadrant alpha (Niv. 60)
Mica doré;Mineur;Extraction de pierre;60;Pierre;L'Écume des cieux d'Abalathia - Voor Sian Siran (Niv. 60)
Amandes mielleuses;Botaniste;Coupe;60;Ingrédient;L'Écume des cieux d'Abalathia - Le Gantelet (Niv. 60)
Écorce d'acacia;Botaniste;Coupe;60;Bois;Azys Lla - Quadrant bêta (Niv. 60)
Fleur de coton des étoiles;Botaniste;Fauche;60;Tissu;Azys Lla - Quadrant delta (Niv. 60)
Minerai de chromite;Mineur;Extraction de minerai;70;Pierre;Les Pics - Blêmeroche (Niv. 70)
Eau de source de Gyr Abania;Mineur;Extraction de minerai;70;Réactif;Les Pics - Blêmeroche (Niv. 70)
Minerai gyrabanien;Mineur;Extraction de minerai;70;Pierre;Les Marges - Virdjala (Niv. 70)
Minerai de pérennéclat;Mineur;Extraction de minerai;70;Pierre;Les Lacs - Lac Seld (Niv. 70)
Rondin de kaya;Botaniste;Coupe;70;Bois;Les Lacs - Hautes berges (Niv. 70)
Rondin de saule noir;Botaniste;Coupe;70;Bois;Les Marges - Chutes de la Pique (Niv. 70)
Sève durcie de vieil arbre;Botaniste;Coupe;70;Réactif;Les Marges - Chutes de la Pique (Niv. 70)
Rondin d'urunday;Botaniste;Coupe;70;Bois;Les Pics - Rocrouillé (Niv. 70)
Fibres de lin hingashien;Botaniste;Fauche;70;Tissu;Les Pics - Mont Yorn (Niv. 70)
Minerai de palladium;Mineur;Extraction de minerai;70;Pierre;Yanxia - Doma (Niv. 70)
Minerai de noctacier;Mineur;Extraction de minerai;70;Pierre;Mer de Rubis - Côte orientale d'Othard (Niv. 70)
Minerai de graçargent;Mineur;Extraction de minerai;70;Pierre;Steppe d'Azim - Retraite de Nhaama (Niv. 70)
Œil-de-faucon;Mineur;Extraction de minerai;70;Pierre;Mer de Rubis - Côte orientale d'Othard (Niv. 70)
Eau de source de la Steppe d'Azim;Mineur;Extraction de minerai;70;Réactif;Steppe d'Azim - Retraite de Nhaama (Niv. 70)
Orties indigo;Botaniste;Fauche;70;Tissu;Steppe d'Azim - Onsal Hakair (Niv. 70)
Fleur de coton d'Azim;Botaniste;Fauche;70;Tissu;Steppe d'Azim - Onsal Hakair (Niv. 70)
Fleur de coton de Yanxia;Botaniste;Fauche;70;Tissu;Yanxia - Bassin rutilant (Niv. 70)
Minerai de tungstène;Mineur;Extraction de minerai;80;Pierre;La Tempête - Crypte du Sans-branchies (Niv. 80)
Cristal iridescent;Mineur;Extraction de minerai;80;Pierre;Il Mheg - Temple de Saint-Fathric (Niv. 80)
Minerai de béryllium;Mineur;Extraction de minerai;80;Pierre;Il Mheg - Temple de Saint-Fathric (Niv. 80)
Minerai de cobaltite;Mineur;Extraction de minerai;80;Pierre;Grand-Lac - Île de Ken (Niv. 80)
Minerai d'étain argenté;Mineur;Extraction de minerai;80;Pierre;Grand-Lac - Île de Ken (Niv. 80)
Minerai de dolomite;Mineur;Extraction de minerai;80;Pierre;Rak'tika - La Coquille brisée (Niv. 80)
Eau dure;Mineur;Extraction de minerai;80;Réactif;Kholusia - Trou du Duergar (Niv. 80)
Éclat de perle purpurine;Mineur;Extraction de pierre;80;Pierre;La Tempête - Grotte purpurine (Niv. 80)
Alun cendré;Mineur;Extraction de pierre;80;Réactif;Amh Araeng - Grandes mines de Biran (Niv. 80)
Cristal solsticial;Mineur;Extraction de pierre;80;Pierre;Il Mheg - Voeburtenburg (Niv. 80)
Rondin de santal blanc;Botaniste;Coupe;80;Bois;Rak'tika - La Nostalgie de Mjrl (Niv. 80)
Sève de bois de santal;Botaniste;Coupe;80;Réactif;Rak'tika - La Nostalgie de Mjrl (Niv. 80)
Rondin d'intsia bijuga;Botaniste;Coupe;80;Bois;Il Mheg - Bergerie d'Anden (Niv. 80)
Rondin de hêtre argenté;Botaniste;Coupe;80;Bois;Amh Araeng - Garik (Niv. 80)
Écorce d'acacia durcie;Botaniste;Coupe;80;Bois;Grand-Lac - Suppliciante (Niv. 80)
Cocon mousseux;Botaniste;Fauche;80;Tissu;Grand-Lac - Sanctuaire inviolé (Niv. 80)
Grémil;Botaniste;Fauche;80;Tissu;Amh Araeng - Abîme des Nabaath (Niv. 80)
Osmonde royale;Botaniste;Fauche;80;Réactif;Kholusia - Chute de l'Huile blanche (Niv. 80)
Aneth souple;Botaniste;Fauche;80;Réactif;Kholusia - Chute de l'Huile blanche (Niv. 80)
Fleur de coton de l'Azur;Botaniste;Fauche;80;Tissu;Rak'tika - Île aux Époux (Niv. 80)
Éclat d'obsidienne d'affinage;Mineur;Extraction de minerai;80;Pierre;Hautes terres du Coerthas occidental - Rougebord (Niv. 80), L'Écume des cieux d'Abalathia - Ok' Vundu Vana (Niv. 80)
Poudre minérale d'affinage;Mineur;Extraction de minerai;80;Réactif;Hautes terres du Coerthas occidental - Rougebord (Niv. 80), L'Écume des cieux d'Abalathia - Ok' Vundu Vana (Niv. 80)
Matière sombre d'affinage;Mineur;Extraction de minerai;80;Réactif;Avant-pays dravanien - Morne (Niv. 80)
Braises d'affinage;Mineur;Extraction de minerai;80;Réactif;Avant-pays dravanien - Morne (Niv. 80)
Matière sombre d'affinage;Mineur;Extraction de pierre;80;Réactif;Arrière-pays dravanien - Les Dagues (Niv. 80)
Braises d'affinage;Mineur;Extraction de pierre;80;Réactif;Arrière-pays dravanien - Les Dagues (Niv. 80)
Latex d'affinage;Botaniste;Coupe;80;Réactif;Avant-pays dravanien - Rivière Vairlame (Niv. 80)
Sable fossilisé d'affinage;Botaniste;Coupe;80;Réactif;Avant-pays dravanien - Rivière Vairlame (Niv. 80)
Ambre d'affinage;Botaniste;Coupe;80;Pierre;L'Écume des cieux de Dravania - Fort-Heaume (Niv. 80)
Joyau rare d'affinage;Botaniste;Coupe;80;Divers;L'Écume des cieux de Dravania - Fort-Heaume (Niv. 80)
Latex d'affinage;Botaniste;Fauche;80;Réactif;L'Écume des cieux d'Abalathia - Couronne du Migrateur (Niv. 80)
Sable fossilisé d'affinage;Botaniste;Fauche;80;Réactif;L'Écume des cieux d'Abalathia - Couronne du Migrateur (Niv. 80)
Ambre d'affinage;Botaniste;Fauche;80;Pierre;Hautes terres du Coerthas occidental - Cendrétang (Niv. 80)
Joyau rare d'affinage;Botaniste;Fauche;80;Divers;Hautes terres du Coerthas occidental - Cendrétang (Niv. 80)
Schörl d'affinage;Mineur;Extraction de minerai;80;Pierre;Les Lacs - Filon du pauvre (Niv. 80), Yanxia - Soubresaut du Dragon (Niv. 80)
Sable éthéréen tellurique d'affinage;Mineur;Extraction de minerai;80;Réactif;Les Lacs - Filon du pauvre (Niv. 80), Yanxia - Soubresaut du Dragon (Niv. 80)
Minerai ancien d'affinage;Mineur;Extraction de minerai;80;Pierre;Azys Lla - Station de refroidissement (Niv. 80)
Bitume ancien d'affinage;Mineur;Extraction de minerai;80;Réactif;Azys Lla - Station de refroidissement (Niv. 80)
Rondin de châtaignier sombre d'affinage;Botaniste;Coupe;80;Bois;Les Lacs - Destructeur (Niv. 80), Yanxia - Vallée aux Prismes (Niv. 80)
Sable éthéréen végétal d'affinage;Botaniste;Coupe;80;Réactif;Les Lacs - Destructeur (Niv. 80), Yanxia - Vallée aux Prismes (Niv. 80)
Rondin de bois ancien d'affinage;Botaniste;Coupe;80;Bois;Azys Lla - L'arbre à pappus (Niv. 80)
Résine ancienne d'affinage;Botaniste;Coupe;80;Réactif;Azys Lla - L'arbre à pappus (Niv. 80)
Minerai de pyrite collectionnable;Mineur;Extraction de minerai;51;Divers;Avant-pays dravanien - Terres fumantes (Niv. 55)
Minerai de chalcocite collectionnable;Mineur;Extraction de minerai;53;Divers;Avant-pays dravanien - Terres fumantes (Niv. 55)
Minerai de limonite collectionnable;Mineur;Extraction de minerai;55;Divers;Avant-pays dravanien - Terres fumantes (Niv. 55)
Sable de mithrite collectionnable;Mineur;Extraction de pierre;51;Divers;Hautes terres du Coerthas occidental - Les Pruches (Niv. 55)
Sève de châtaignier sombre collectionnable;Botaniste;Coupe;51;Divers;Avant-pays dravanien - Terres fumantes (Niv. 55)
Rondin de châtaignier sombre collectionnable;Botaniste;Coupe;53;Divers;Avant-pays dravanien - Terres fumantes (Niv. 55)
Branche de châtaignier sombre collectionnable;Botaniste;Coupe;55;Divers;Avant-pays dravanien - Terres fumantes (Niv. 55)
Fleur de coton arc-en-ciel collectionnable;Botaniste;Fauche;51;Divers;Hautes terres du Coerthas occidental - Rivière Coerthas (Niv. 55)
Eau de source d'Abalathia collectionnable;Mineur;Extraction de minerai;57;Divers;L'Écume des cieux d'Abalathia - La Fenêtre bleue (Niv. 60)
Sable d'aurum regis collectionnable;Mineur;Extraction de minerai;59;Divers;L'Écume des cieux d'Abalathia - La Fenêtre bleue (Niv. 60)
Marron sombre collectionnable;Botaniste;Coupe;57;Divers;Avant-pays dravanien - Déclin d'Avalonia (Niv. 60)
Résine de châtaignier sombre collectionnable;Botaniste;Coupe;59;Divers;Avant-pays dravanien - Déclin d'Avalonia (Niv. 60)
Triphane brute collectionnable;Mineur;Extraction de minerai;61;Divers;Les Marges - Ruisseau aux Mirages (Niv. 65)
Eau de Gyr Abania collectionnable;Mineur;Extraction de minerai;61;Divers;Les Marges - Chutes de la Pique (Niv. 65)
Spinelle étoilé brut collectionnable;Mineur;Extraction de minerai;63;Divers;Mer de Rubis - Marmite à crabes (Niv. 65)
Disthène brut collectionnable;Mineur;Extraction de minerai;65;Divers;Les Marges - Ruisseau aux Mirages (Niv. 65)
Rondin de mélèze collectionnable;Botaniste;Coupe;61;Divers;Mer de Rubis - Isari (Niv. 65)
Shiitake collectionnable;Botaniste;Coupe;63;Divers;Mer de Rubis - Okinoiwa (Niv. 65)
Sève de mélèze collectionnable;Botaniste;Coupe;65;Divers;Mer de Rubis - Isari (Niv. 65)
Akaso collectionnable;Botaniste;Fauche;61;Divers;Les Marges - Ruisseau aux Mirages (Niv. 65)
Azurite brute collectionnable;Mineur;Extraction de minerai;67;Divers;Steppe d'Azim - Mer de fanes (Niv. 70)
Minerai de graçargent collectionnable;Mineur;Extraction de minerai;69;Divers;Steppe d'Azim - Mer de fanes (Niv. 70)
Résine de pin collectionnable;Botaniste;Coupe;67;Divers;Yanxia - Doma (Niv. 70)
Rondin de pin collectionnable;Botaniste;Coupe;69;Divers;Yanxia - Doma (Niv. 70)
Minerai de bronze titané collectionnable;Mineur;Extraction de minerai;71;Divers;Grand-Lac - Le Ceinturon (Niv. 75)
Pierre d'azuresprit collectionnable;Mineur;Extraction de minerai;71;Divers;Grand-Lac - Forêt du Berger égaré (Niv. 75)
Lazurite brute collectionnable;Mineur;Extraction de minerai;73;Divers;Rak'tika - Cabane des clercs (Niv. 75)
Pétalite brute collectionnable;Mineur;Extraction de minerai;75;Divers;Grand-Lac - Le Ceinturon (Niv. 75)
Pomme pixie collectionnable;Botaniste;Coupe;71;Divers;Il Mheg - Route de la laine (Niv. 75)
Rondin de chêne blanc collectionnable;Botaniste;Coupe;73;Divers;Kholusia - Arche ciselée (Niv. 75)
Rondin de pommier miracle collectionnable;Botaniste;Coupe;75;Divers;Il Mheg - Route de la laine (Niv. 75)
Fibres de lin blanc collectionnables;Botaniste;Fauche;71;Divers;Grand-Lac - Château de Ganlag (Niv. 75)
Sel de mer collectionnable;Mineur;Extraction de minerai;77;Divers;La Tempête - Marge continentale de Norvrandt (Niv. 80)
Pierre des grands fonds collectionnable;Mineur;Extraction de minerai;79;Divers;La Tempête - Baïne (Niv. 80)
Onyx brut collectionnable;Mineur;Extraction de minerai;80;Divers;La Tempête - Marge continentale de Norvrandt (Niv. 80)
Minerai de tungstène collectionnable;Mineur;Extraction de minerai;80;Divers;La Tempête - Baïne (Niv. 80)
Alun gyrabanien collectionnable;Mineur;Extraction de minerai;80;Divers;Les Marges - Virdjala (Niv. 80)
Sable de mana-argent collectionnable;Mineur;Extraction de pierre;80;Divers;Rak'tika - Marécages du Citia (Niv. 80)
Rondin de teck des sables collectionnable;Botaniste;Coupe;77;Divers;Amh Araeng - Collines d'Ambre du Centre (Niv. 80)
Algues collectionnables;Botaniste;Coupe;79;Divers;La Tempête - Marge continentale de Norvrandt (Niv. 80)
Antofle ambré collectionnable;Botaniste;Coupe;80;Divers;Amh Araeng - Collines d'Ambre du Centre (Niv. 80)
Corail collectionnable;Botaniste;Coupe;80;Divers;La Tempête - Marge continentale de Norvrandt (Niv. 80)
Rondin d'urunday collectionnable;Botaniste;Coupe;80;Divers;Les Pics - Chutes de Bruyères (Niv. 80)
Poivre sombre collectionnable;Botaniste;Fauche;80;Divers;Amh Araeng - Plaine d'Ambre (Niv. 80)
Minerai de fer de restauration (4e phase);Mineur;Extraction de minerai;10;Pierre;Le Diadème - Le Diadème (Niv. ??)
Minerai de cuprite supérieur de restauration (4e phase);Mineur;Extraction de minerai;10;Pierre;Le Diadème - Le Diadème (Niv. ??)
Sel gemme supérieur de restauration (4e phase);Mineur;Extraction de minerai;10;Réactif;Le Diadème - Le Diadème (Niv. ??)
Minerai d'électrum remarquable de restauration (4e phase);Mineur;Extraction de minerai;60;Pierre;Le Diadème - Le Diadème (Niv. ??)
Alun remarquable de restauration (4e phase);Mineur;Extraction de minerai;60;Réactif;Le Diadème - Le Diadème (Niv. ??)
Eau minérale remarquable de restauration (4e phase);Mineur;Extraction de minerai;60;Réactif;Le Diadème - Le Diadème (Niv. ??)
Minerai d'or extraordinaire de restauration (4e phase);Mineur;Extraction de minerai;80;Pierre;Le Diadème - Le Diadème (Niv. ??)
Sel gemme extraordinaire de restauration (4e phase);Mineur;Extraction de minerai;80;Réactif;Le Diadème - Le Diadème (Niv. ??)
Eau minérale extraordinaire de restauration (4e phase);Mineur;Extraction de minerai;80;Réactif;Le Diadème - Le Diadème (Niv. ??)
Minerai sur commande de restauration (2e phase);Mineur;Extraction de minerai;80;Pierre;Le Diadème - Le Diadème (Niv. ??)
Roche des flammes évanescentes de restauration (2e phase);Mineur;Extraction de minerai;80;Pierre;Le Diadème - ??? (Niv. 80)
Sel gemme sur commande de restauration (2e phase);Mineur;Extraction de minerai;80;Réactif;Le Diadème - Le Diadème (Niv. ??)
Eau minérale sur commande de restauration (2e phase);Mineur;Extraction de minerai;80;Réactif;Le Diadème - Le Diadème (Niv. ??)
Minerai sur commande de restauration (3e phase);Mineur;Extraction de minerai;80;Pierre;Le Diadème - Le Diadème (Niv. ??)
Œuf de basilic sur commande de restauration (3e phase);Mineur;Extraction de minerai;80;Pierre;Le Diadème - Le Diadème (Niv. ??)
Minerai des flammes évanescentes de restauration (3e phase);Mineur;Extraction de minerai;80;Pierre;Le Diadème - ??? (Niv. 80)
Alun sur commande de restauration (3e phase);Mineur;Extraction de minerai;80;Réactif;Le Diadème - Le Diadème (Niv. ??)
Minerai sur commande de restauration (4e phase);Mineur;Extraction de minerai;80;Pierre;Le Diadème - Le Diadème (Niv. ??)
Pierre des flammes évanescentes de restauration (4e phase);Mineur;Extraction de minerai;80;Pierre;Le Diadème - ??? (Niv. 80)
Eau minérale sur commande de restauration (4e phase);Mineur;Extraction de minerai;80;Réactif;Le Diadème - Le Diadème (Niv. ??)
Stalagmite de glace sur commande de restauration (4e phase);Mineur;Extraction de minerai;80;Réactif;Le Diadème - Le Diadème (Niv. ??)
Sable de fer de restauration (4e phase);Mineur;Extraction de pierre;10;Pierre;Le Diadème - Le Diadème (Niv. ??)
Sable de mithrite supérieur de restauration (4e phase);Mineur;Extraction de pierre;10;Pierre;Le Diadème - Le Diadème (Niv. ??)
Sable d'or remarquable de restauration (4e phase);Mineur;Extraction de pierre;60;Pierre;Le Diadème - Le Diadème (Niv. ??)
Grès remarquable de restauration (4e phase);Mineur;Extraction de pierre;60;Pierre;Le Diadème - Le Diadème (Niv. ??)
Poudre minérale extraordinaire de restauration (4e phase);Mineur;Extraction de pierre;80;Pierre;Le Diadème - Le Diadème (Niv. ??)
Pierre d'azuresprit extraordinaire de restauration (4e phase);Mineur;Extraction de pierre;80;Pierre;Le Diadème - Le Diadème (Niv. ??)
Aurum regis sur commande de restauration (2e phase);Mineur;Extraction de pierre;80;Pierre;Le Diadème - Le Diadème (Niv. ??)
Jade sur commande de restauration (2e phase);Mineur;Extraction de pierre;80;Pierre;Le Diadème - Le Diadème (Niv. ??)
Cristal des foudres évanescentes de restauration (2e phase);Mineur;Extraction de pierre;80;Pierre;Le Diadème - ??? (Niv. 80)
Argile sur commande de restauration (3e phase);Mineur;Extraction de pierre;80;Pierre;Le Diadème - Le Diadème (Niv. ??)
Granit sur commande de restauration (3e phase);Mineur;Extraction de pierre;80;Pierre;Le Diadème - Le Diadème (Niv. ??)
Minerai des foudres évanescentes de restauration (3e phase);Mineur;Extraction de pierre;80;Pierre;Le Diadème - ??? (Niv. 80)
Silice sur commande de restauration (4e phase);Mineur;Extraction de pierre;80;Pierre;Le Diadème - Le Diadème (Niv. ??)
Cristal iridescent sur commande de restauration (4e phase);Mineur;Extraction de pierre;80;Pierre;Le Diadème - Le Diadème (Niv. ??)
Poudre minérale des foudres évanescentes de restauration (4e phase);Mineur;Extraction de pierre;80;Pierre;Le Diadème - ??? (Niv. 80)
Branchette de restauration (4e phase);Botaniste;Coupe;10;Bois;Le Diadème - Le Diadème (Niv. ??)
Rondin d'acajou supérieur de restauration (4e phase);Botaniste;Coupe;10;Bois;Le Diadème - Le Diadème (Niv. ??)
Rondin d'épicéa remarquable de restauration (4e phase);Botaniste;Coupe;60;Bois;Le Diadème - Le Diadème (Niv. ??)
Gui remarquable de restauration (4e phase);Botaniste;Coupe;60;Réactif;Le Diadème - Le Diadème (Niv. ??)
Rondin de cèdre blanc extraordinaire de restauration (4e phase);Botaniste;Coupe;80;Bois;Le Diadème - Le Diadème (Niv. ??)
Résine ancienne extraordinaire de restauration (4e phase);Botaniste;Coupe;80;Réactif;Le Diadème - Le Diadème (Niv. ??)
Rondin de bois sur commande de restauration (2e phase);Botaniste;Coupe;80;Bois;Le Diadème - Le Diadème (Niv. ??)
Rondin de bois des vents évanescents de restauration (2e phase);Botaniste;Coupe;80;Bois;Le Diadème - ??? (Niv. 80)
Sève sur commande de restauration (2e phase);Botaniste;Coupe;80;Réactif;Le Diadème - Le Diadème (Niv. ??)
Ambre sur commande de restauration (3e phase);Botaniste;Coupe;80;Pierre;Le Diadème - Le Diadème (Niv. ??)
Rondin de bois sur commande de restauration (3e phase);Botaniste;Coupe;80;Bois;Le Diadème - Le Diadème (Niv. ??)
Sève des vents évanescents de restauration (3e phase);Botaniste;Coupe;80;Réactif;Le Diadème - ??? (Niv. 80)
Framboises sur commande de restauration (4e phase);Botaniste;Coupe;80;Ingrédient;Le Diadème - Le Diadème (Niv. ??)
Rondin de bois sur commande de restauration (4e phase);Botaniste;Coupe;80;Bois;Le Diadème - Le Diadème (Niv. ??)
Branche des vents évanescents de restauration (4e phase);Botaniste;Coupe;80;Bois;Le Diadème - ??? (Niv. 80)
Fibres de chanvre de restauration (4e phase);Botaniste;Fauche;10;Tissu;Le Diadème - Le Diadème (Niv. ??)
Coton supérieur de restauration (4e phase);Botaniste;Fauche;10;Tissu;Le Diadème - Le Diadème (Niv. ??)
Sésame supérieur de restauration (4e phase);Botaniste;Fauche;10;Réactif;Le Diadème - Le Diadème (Niv. ??)
Feuilles de thé remarquables de restauration (4e phase);Botaniste;Fauche;60;Ingrédient;Le Diadème - Le Diadème (Niv. ??)
Sarments remarquables de restauration (4e phase);Botaniste;Fauche;60;Tissu;Le Diadème - Le Diadème (Niv. ??)
Crapaud remarquable de restauration (4e phase);Botaniste;Fauche;60;Réactif;Le Diadème - Le Diadème (Niv. ??)
Blé extraordinaire de restauration (4e phase);Botaniste;Fauche;80;Ingrédient;Le Diadème - Le Diadème (Niv. ??)
Coton extraordinaire de restauration (4e phase);Botaniste;Fauche;80;Tissu;Le Diadème - Le Diadème (Niv. ??)
Tortue terrestre extraordinaire de restauration (4e phase);Botaniste;Fauche;80;Réactif;Le Diadème - Le Diadème (Niv. ??)
Blé sur commande de restauration (2e phase);Botaniste;Fauche;80;Ingrédient;Le Diadème - Le Diadème (Niv. ??)
Champignon des terres évanescentes de restauration (2e phase);Botaniste;Fauche;80;Ingrédient;Le Diadème - ??? (Niv. 80)
Coton sur commande de restauration (2e phase);Botaniste;Fauche;80;Tissu;Le Diadème - Le Diadème (Niv. ??)
Varan sur commande de restauration (2e phase);Botaniste;Fauche;80;Réactif;Le Diadème - Le Diadème (Niv. ??)
Riz sur commande de restauration (3e phase);Botaniste;Fauche;80;Ingrédient;Le Diadème - Le Diadème (Niv. ??)
Coton sur commande de restauration (3e phase);Botaniste;Fauche;80;Tissu;Le Diadème - Le Diadème (Niv. ??)
Sarments sur commande de restauration (3e phase);Botaniste;Fauche;80;Tissu;Le Diadème - Le Diadème (Niv. ??)
Carapace des terres évanescentes de restauration (3e phase);Botaniste;Fauche;80;Réactif;Le Diadème - ??? (Niv. 80)
Cocon sur commande de restauration (4e phase);Botaniste;Fauche;80;Tissu;Le Diadème - Le Diadème (Niv. ??)
Caïman sur commande de restauration (4e phase);Botaniste;Fauche;80;Réactif;Le Diadème - Le Diadème (Niv. ??)
Tige de prêle d'hiver sur commande de restauration (4e phase);Botaniste;Fauche;80;Réactif;Le Diadème - Le Diadème (Niv. ??)
Herbe des terres évanescentes de restauration (4e phase);Botaniste;Fauche;80;Réactif;Le Diadème - ??? (Niv. 80)
